LG,TM,Last,First,USE,B/P,C,1B,2B,3B,SS,LF,CF,RF
AL,BO,Alvarez,Pedro,COMP,BAT, ,5, , , , , , 
AL,BO,Beckham,Tim,REG,BAT, , ,4,4,3, , , 
AL,BO,Castillo,Welington,REG,BAT,3, , , , , , , 
AL,BO,Davis,Chris,REG,BAT, ,2, ,4, , , , 
AL,BO,Flaherty,Ryan,COMP,BAT, , ,3,3,4,3, ,3
AL,BO,Gentry,Craig,REG,BAT, , , , , ,2(B3),3,2(B3)
AL,BO,Giavotella,Johnny,COMP,BAT, , ,4, , , , , 
AL,BO,Hardy,J.J.,REG,BAT, , , , ,2, , , 
AL,BO,HAYS,AUSTIN,ADD,BAT, ,, , , , ,3(B4),3(B4)
AL,BO,Janish,Paul,COMP,BAT, , , , ,3, , , 
AL,BO,Jones,Adam,REG,BAT, , , , , , ,2, 
AL,BO,Joseph,Caleb,REG,BAT,3, , ,4, , , , 
AL,BO,Kim,Hyun Soo,ADD,BAT, , , , , ,4, , 
AL,BO,Machado,Manny,REG,BAT, , , ,1, , , , 
AL,BO,Mancini,Trey,REG,BAT, ,4,, , ,4, ,5
AL,BO,Pena,Francisco,COMP,BAT,3, , , , , , , 
AL,BO,Rickard,Joey,REG,BAT, , , , , ,2,3,2
AL,BO,Santander,Anthony,COMP,BAT, , , , , ,4, ,4
AL,BO,Schoop,Jonathan,REG,BAT, , ,2, ,4, , , 
AL,BO,Sisco,Chance,COMP,BAT,4, , , , , , , 
AL,BO,Smith,Seth,REG,BAT, , , , , ,4(B3), ,4(B3)
AL,BO,Tejada,Ruben,ADD,BAT, , ,4,4,3, , , 
AL,BO,Trumbo,Mark,REG,BAT, ,4, ,5, , , ,5
AL,BO,Washington,David,COMP,BAT, , , , , , , ,4
AL,BO,Aquino,Jayson,COMP,PIT,,,,,,,,
AL,BO,Asher,Alec,REG,PIT,,,,,,,,
AL,BO,Bleier,Richard,REG,PIT,,,,,,,,
AL,BO,Brach,Brad,REG,PIT,,,,,,,,
AL,BO,Britton,Zach,REG,PIT,,,,,,,,
AL,BO,Bundy,Dylan,REG,PIT,,,,,,,,
AL,BO,Castro,Miguel,REG,PIT,,,,,,,,
AL,BO,Crichton,Stefan,COMP,PIT,,,,,,,,
AL,BO,Drake-1,Oliver,COMP,PIT,,,,,,,,
AL,BO,Gausman,Kevin,REG,PIT,,,,,,,,
AL,BO,Givens,Mychal,REG,PIT,,,,,,,,
AL,BO,Hart,Donnie,REG,PIT,,,,,,,,
AL,BO,Hellickson-2,Jeremy,REG,PIT,,,,,,,,
AL,BO,Jackson-1,Edwin,COMP,PIT,,,,,,,,
AL,BO,Jimenez,Ubaldo,REG,PIT,,,,,,,,
AL,BO,Miley,Wade,REG,PIT,,,,,,,,
AL,BO,Nuno,Vidal,COMP,PIT,,,,,,,,
AL,BO,O'Day,Darren,REG,PIT,,,,,,,,
AL,BO,Rodriguez-2,Richard,COMP,PIT,,,,,,,,
AL,BO,Scott,Tanner,COMP,PIT,,,,,,,,
AL,BO,Tillman,Chris,REG,PIT,,,,,,,,
AL,BO,Verrett,Logan,COMP,PIT,,,,,,,,
AL,BO,Wilson,Tyler,COMP,PIT,,,,,,,,
AL,BO,Wright,Mike,ADD,PIT,,,,,,,,
AL,BO,Yacabonis,Jimmy,COMP,PIT,,,,,,,,
AL,BO,Ynoa,Gabriel,ADD,PIT,,,,,,,,
AL,BR,Benintendi,Andrew,REG,BAT, , , , , ,2,3, 
AL,BR,Betts,Mookie,REG,BAT, , , , , , , ,1
AL,BR,Bogaerts,Xander,REG,BAT, , , , ,3, , , 
AL,BR,Bradley Jr,Jackie,REG,BAT, , , , , , ,1, 
AL,BR,d'Arnaud,Chase,COMP,BAT, , ,4, , , , , 
AL,BR,Davis,Rajai,MIX,BAT, , , , , ,2,3,3
AL,BR,Devers,Rafael,REG,BAT, , , ,4(B5), , , , 
AL,BR,Hernandez,Marco,ADD,BAT, , ,3,3(B4),4, , , 
AL,BR,Holt,Brock,REG,BAT, ,4,3,3, ,3, ,4
AL,BR,Leon,Sandy,REG,BAT,2, , , , , , , 
AL,BR,Lin,Tzu-Wei,ADD,BAT, , ,3,3,3, , , 
AL,BR,Marrero,Deven,REG,BAT, ,4,3,2,3, , , 
AL,BR,Moreland,Mitch,REG,BAT, ,1(B2), ,, , , , 
AL,BR,Nunez,Eduardo,REG,BAT, , ,3(B4),3,4, , , 
AL,BR,Pedroia,Dustin,REG,BAT, , ,1, , , , , 
AL,BR,Ramirez,Hanley,REG,BAT, ,5, , , , , , 
AL,BR,Rutledge,Josh,ADD,BAT, ,4,4,4, , , , 
AL,BR,Sandoval,Pablo,ADD,BAT, , , ,4(B5), , , , 
AL,BR,Selsky,Steve,COMP,BAT, , , ,4, , ,4, 
AL,BR,Swihart,Blake,COMP,BAT,4, , , , , , , 
AL,BR,Travis,Sam,ADD,BAT, ,4, , , , , , 
AL,BR,Vazquez,Christian,REG,BAT,2,4, , , , , , 
AL,BR,Young,Chris,REG,BAT, , , , , ,3, ,3
AL,BR,Abad,Fernando,REG,PIT,,,,,,,,
AL,BR,Barnes,Matt,REG,PIT,,,,,,,,
AL,BR,Boyer,Blaine,ADD,PIT,,,,,,,,
AL,BR,Elias,Roenis,COMP,PIT,,,,,,,,
AL,BR,Fister,Doug,REG,PIT,,,,,,,,
AL,BR,Hembree,Heath,REG,PIT,,,,,,,,
AL,BR,Johnson,Brian,ADD,PIT,,,,,,,,
AL,BR,Kelly,Joe,REG,PIT,,,,,,,,
AL,BR,Kendrick,Kyle,COMP,PIT,,,,,,,,
AL,BR,Kimbrel,Craig,REG,PIT,,,,,,,,
AL,BR,Maddox,Austin,ADD,PIT,,,,,,,,
AL,BR,Martin,Kyle,COMP,PIT,,,,,,,,
AL,BR,Pomeranz,Drew,REG,PIT,,,,,,,,
AL,BR,Porcello,Rick,REG,PIT,,,,,,,,
AL,BR,Price,David,REG,PIT,,,,,,,,
AL,BR,Reed-2,Addison,REG,PIT,,,,,,,,
AL,BR,Rodriguez,Eduardo,REG,PIT,,,,,,,,
AL,BR,Ross Jr,Robbie,COMP,PIT,,,,,,,,
AL,BR,Sale,Chris,REG,PIT,,,,,,,,
AL,BR,Scott,Robby,REG,PIT,,,,,,,,
AL,BR,Smith-2,Carson,COMP,PIT,,,,,,,,
AL,BR,Taylor,Ben,COMP,PIT,,,,,,,,
AL,BR,Velazquez,Hector,ADD,PIT,,,,,,,,
AL,BR,Workman,Brandon,ADD,PIT,,,,,,,,
AL,BR,Wright,Steven,COMP,PIT,,,,,,,,
AL,CH,Abreu,Jose,REG,BAT, ,3, , , ,, , 
AL,CH,Anderson,Tim,REG,BAT, , , , ,4, , ,
AL,CH,Asche,Cody,ADD,BAT, ,4, ,5, ,5, , 
AL,CH,Brantly,Rob,COMP,BAT,4,,,,,,,
AL,CH,Davidson,Matt,REG,BAT,,3(B4),,4,,,,
AL,CH,Delmonico,Nicky,REG,BAT,,4,,,,4,,
AL,CH,Engel,Adam,REG,BAT,,,,,,,1,
AL,CH,Garcia,Avisail,REG,BAT,,,,,,,,3
AL,CH,Garcia,Leury,REG,BAT,,,3,,3,3,3,4
AL,CH,Garcia,Willy,REG,BAT,,,,,,3,4,4
AL,CH,Hanson,Alen,REG,BAT,,,4,,4,3(B4),4,3(B4)
AL,CH,Liriano,Rymer,COMP,BAT,,,,,,4,,4
AL,CH,May,Jacob,COMP,BAT,,,,,,3,3,4
AL,CH,Moncada,Yoan,REG,BAT,,,3(B4),,,,,
AL,CH,Narvaez,Omar,REG,BAT,4,4,,,,,,
AL,CH,Saladino,Tyler,REG,BAT,,3,3,3,3,,,
AL,CH,Sanchez,Carlos,REG,BAT,,,2,3(B2),4,,,4
AL,CH,Smith,Kevan,REG,BAT,4,,,,,,,
AL,CH,Soto,Geovany,COMP,BAT,3,,,,,,,
AL,CH,Alburquerque,Al,COMP,PIT,,,,,,,,
AL,CH,Beck,Chris,REG,PIT,,,,,,,,
AL,CH,Brantly,Rob,COMP,PIT,,,,,,,,
AL,CH,Bummer,Aaron,COMP,PIT,,,,,,,,
AL,CH,Covey,Dylan,REG,PIT,,,,,,,,
AL,CH,Danish,Tyler,COMP,PIT,,,,,,,,
AL,CH,Farquhar,Danny,REG,PIT,,,,,,,,
AL,CH,Fry,Jace,COMP,PIT,,,,,,,,
AL,CH,Fulmer,Carson,COMP,PIT,,,,,,,,
AL,CH,Giolito,Lucas,REG,PIT,,,,,,,,
AL,CH,Goldberg,Brad,COMP,PIT,,,,,,,,
AL,CH,Holland,Derek,REG,PIT,,,,,,,,
AL,CH,Holmberg,David,REG,PIT,,,,,,,,
AL,CH,Infante,Gregory,REG,PIT,,,,,,,,
AL,CH,Jones,Nate,COMP,PIT,,,,,,,,
AL,CH,Lopez,Reynaldo,REG,PIT,,,,,,,,
AL,CH,Minaya,Juan,REG,PIT,,,,,,,,
AL,CH,Pelfrey,Mike,REG,PIT,,,,,,,,
AL,CH,Petricka,Jake,REG,PIT,,,,,,,,
AL,CH,Putnam,Zach,COMP,PIT,,,,,,,,
AL,CH,Quintana-1,Jose,MIX,PIT,,,,,,,,
AL,CH,Rodon,Carlos,REG,PIT,,,,,,,,
AL,CH,Shields,James,REG,PIT,,,,,,,,
AL,CH,Swarzak-1,Anthony,MIX,PIT,,,,,,,,
AL,CH,Volstad,Chris,COMP,PIT,,,,,,,,
AL,CH,Ynoa,Michael,ADD,PIT,,,,,,,,
AL,CI,Allen,Greg,ADD,BAT,,,,,,2,2,
AL,CI,Almonte,Abraham,REG,BAT,,,,,,3,3,3
AL,CI,Brantley,Michael,REG,BAT,,,,,,3(B2),,
AL,CI,Bruce,Jay,REG,BAT,,4,,,,,,3
AL,CI,Chisenhall,Lonnie,REG,BAT,,4,,,,4(B3),4(B3),3
AL,CI,Diaz,Yandy,ADD,BAT,,,,4(B3),,4,,
AL,CI,Encarnacion,Edwin,REG,BAT,,4,,,,,,
AL,CI,Gomes,Yan,REG,BAT,1,,,,,,,
AL,CI,Gonzalez,Erik,ADD,BAT,,,3(B2),3,3,4,,
AL,CI,Guyer,Brandon,ADD,BAT,,,,,,3,,3
AL,CI,Jackson,Austin,REG,BAT,,,,,,3,3,3
AL,CI,Kipnis,Jason,REG,BAT,,,3,,,,4,
AL,CI,Lindor,Francisco,REG,BAT,,,,,1,,,
AL,CI,Mejia,Francisco,COMP,BAT,4,,,,,,,
AL,CI,Naquin,Tyler,COMP,BAT,,,,,,,4,4
AL,CI,Perez,Roberto,REG,BAT,1,,,,,,,
AL,CI,Ramirez,Jose,REG,BAT,,,2,2,,,,
AL,CI,Robertson,Daniel,ADD,BAT,,,,,,2,3,3
AL,CI,Santana,Carlos,REG,BAT,,2,,,,,,4
AL,CI,Urshela,Giovanny,REG,BAT,,4,3,2,3,,,
AL,CI,Zimmer,Bradley,REG,BAT,,,,,,,2(B1),
AL,CI,Allen,Cody,REG,PIT,,,,,,,,
AL,CI,Armstrong,Shawn,ADD,PIT,,,,,,,,
AL,CI,Bauer,Trevor,REG,PIT,,,,,,,,
AL,CI,Breslow,Craig,ADD,PIT,,,,,,,,
AL,CI,Carrasco,Carlos,REG,PIT,,,,,,,,
AL,CI,Clevinger,Mike,REG,PIT,,,,,,,,
AL,CI,Crockett,Kyle,COMP,PIT,,,,,,,,
AL,CI,Goody,Nick,REG,PIT,,,,,,,,
AL,CI,Kluber,Corey,REG,PIT,,,,,,,,
AL,CI,Logan,Boone,COMP,PIT,,,,,,,,
AL,CI,McAllister,Zach,REG,PIT,,,,,,,,
AL,CI,Merritt,Ryan,COMP,PIT,,,,,,,,
AL,CI,Miller,Andrew,REG,PIT,,,,,,,,
AL,CI,Olson,Tyler,ADD,PIT,,,,,,,,
AL,CI,Otero,Dan,REG,PIT,,,,,,,,
AL,CI,Salazar,Danny,REG,PIT,,,,,,,,
AL,CI,Shaw,Bryan,REG,PIT,,,,,,,,
AL,CI,Smith-1,Joe,REG,PIT,,,,,,,,
AL,CI,Tomlin,Josh,REG,PIT,,,,,,,,
AL,DT,Adduci,Jim,ADD,BAT,,,,,,,,3
AL,DT,Avila,Alex,MIX,BAT,3,4,,,,,,
AL,DT,Cabrera,Miguel,REG,BAT,,4(B3),,,,,,
AL,DT,Candelario,Jeimer,REG,BAT,,,,4,,,,
AL,DT,Castellanos,Nick,REG,BAT,,,,5,,,,5
AL,DT,Collins,Tyler,REG,BAT,,,,,,3,4,3
AL,DT,den Dekker,Matt,COMP,BAT,,,,,,2,,2
AL,DT,Hicks,John,REG,BAT,3,4,,,,,,
AL,DT,Holaday,Bryan,COMP,BAT,3,,,,,,,
AL,DT,Iglesias,Jose,REG,BAT,,,,,1,,,
AL,DT,Jones,JaCoby,REG,BAT,,,,,,,2,
AL,DT,Kinsler,Ian,REG,BAT,,,1(B2),,,,,
AL,DT,Machado,Dixon,REG,BAT,,,3,3,2,,,
AL,DT,Mahtook,Mikie,REG,BAT,,,,,,3,3,3
AL,DT,Martinez,J.D.,MIX,BAT,,,,,,,,4
AL,DT,Martinez,Victor,REG,BAT,,,,,,,,
AL,DT,McCann,James,REG,BAT,3,,,,,,,
AL,DT,Navarro,Efren,ADD,BAT,,2,,,,,,
AL,DT,Presley,Alex,REG,BAT,,,,,,3,4(B3),3
AL,DT,Romine,Andrew,REG,BAT,5,3,2,2,2,3,3,4
AL,DT,Alcantara,Victor,COMP,PIT,,,,,,,,
AL,DT,Bell,Chad,REG,PIT,,,,,,,,
AL,DT,Boyd,Matt,REG,PIT,,,,,,,,
AL,DT,Cuevas,William,COMP,PIT,,,,,,,,
AL,DT,Farmer,Buck,REG,PIT,,,,,,,,
AL,DT,Ferrell,Jeff,COMP,PIT,,,,,,,,
AL,DT,Fulmer,Michael,REG,PIT,,,,,,,,
AL,DT,Greene,Shane,REG,PIT,,,,,,,,
AL,DT,Hardy,Blaine,REG,PIT,,,,,,,,
AL,DT,Jaye,Myles,COMP,PIT,,,,,,,,
AL,DT,Jimenez,Joe,COMP,PIT,,,,,,,,
AL,DT,Labourt,Jairo,COMP,PIT,,,,,,,,
AL,DT,Leon,Arcenio,COMP,PIT,,,,,,,,
AL,DT,Lewicki,Artie,COMP,PIT,,,,,,,,
AL,DT,Mujica,Edward,COMP,PIT,,,,,,,,
AL,DT,Norris,Daniel,REG,PIT,,,,,,,,
AL,DT,Reininger,Zac,COMP,PIT,,,,,,,,
AL,DT,Rodriguez,Francisco,ADD,PIT,,,,,,,,
AL,DT,Rondon,Bruce,COMP,PIT,,,,,,,,
AL,DT,Ryan,Kyle,COMP,PIT,,,,,,,,
AL,DT,Sanchez-3,Anibal,REG,PIT,,,,,,,,
AL,DT,Saupold,Warwick,REG,PIT,,,,,,,,
AL,DT,Stumpf,Daniel,REG,PIT,,,,,,,,
AL,DT,VerHagen,Drew,REG,PIT,,,,,,,,
AL,DT,Wilson,Alex,REG,PIT,,,,,,,,
AL,DT,Wilson-1,Justin,MIX,PIT,,,,,,,,
AL,DT,Zimmermann,Jordan,REG,PIT,,,,,,,,
AL,HA,Altuve,Jose,REG,BAT,,,2,,,,,
AL,HA,Beltran,Carlos,REG,BAT,,,,,,5(B4),,5(B4)
AL,HA,Bregman,Alex,REG,BAT,,,4,2,2(B3),,,
AL,HA,Centeno,Juan,ADD,BAT,3,,,,,,,
AL,HA,Correa,Carlos,REG,BAT,,,,,2,,,
AL,HA,Davis,J.D.,ADD,BAT,,4,,4,,,,
AL,HA,Fisher,Derek,REG,BAT,,,,,,3,4,4
AL,HA,Gattis,Evan,REG,BAT,4,5,,,,,,
AL,HA,Gonzalez,Marwin,REG,BAT,,2,3,3,3,3,,
AL,HA,Gurriel,Yulieski,REG,BAT,,4,4,4,,,,
AL,HA,Kemp,Tony,COMP,BAT,,,,,,4,4,
AL,HA,Marisnick,Jake,REG,BAT,,,,,,1,1,2
AL,HA,Maybin,Cameron,REG,BAT,,,,,,2,2,3
AL,HA,McCann,Brian,REG,BAT,3,,,,,,,
AL,HA,Moran,Colin,COMP,BAT,,4,,4,4,,,
AL,HA,Reddick,Josh,REG,BAT,,,,,,2,3,2
AL,HA,Reed,A.J.,COMP,BAT,,4,,,,,,
AL,HA,Springer,George,REG,BAT,,,,,,,2,2
AL,HA,Stassi,Max,COMP,BAT,3,4,,,,,,
AL,HA,White,Tyler,ADD,BAT,,4,4,,,4,,
AL,HA,Clippard,Tyler,MIX,PIT,,,,,,,,
AL,HA,Devenski,Chris,REG,PIT,,,,,,,,
AL,HA,Diaz,Dayan,COMP,PIT,,,,,,,,
AL,HA,Feliz,Michael,REG,PIT,,,,,,,,
AL,HA,Fiers,Mike,REG,PIT,,,,,,,,
AL,HA,Giles,Ken,REG,PIT,,,,,,,,
AL,HA,Gregerson,Luke,REG,PIT,,,,,,,,
AL,HA,Guduan,Reymin,COMP,PIT,,,,,,,,
AL,HA,Gustave,Jandel,COMP,PIT,,,,,,,,
AL,HA,Harris,Will,REG,PIT,,,,,,,,
AL,HA,Hoyt,James,REG,PIT,,,,,,,,
AL,HA,Jankowski,Jordan,COMP,PIT,,,,,,,,
AL,HA,Keuchel,Dallas,REG,PIT,,,,,,,,
AL,HA,Liriano,Francisco,MIX,PIT,,,,,,,,
AL,HA,Martes,Francis,ADD,PIT,,,,,,,,
AL,HA,McCullers,Lance,REG,PIT,,,,,,,,
AL,HA,McHugh,Collin,ADD,PIT,,,,,,,,
AL,HA,Morton,Charlie,REG,PIT,,,,,,,,
AL,HA,Musgrove,Joe,REG,PIT,,,,,,,,
AL,HA,Paulino,David,ADD,PIT,,,,,,,,
AL,HA,Peacock,Brad,REG,PIT,,,,,,,,
AL,HA,Sipp,Tony,REG,PIT,,,,,,,,
AL,HA,Tolliver,Ashur,COMP,PIT,,,,,,,,
AL,HA,Verlander,Justin,REG,PIT,,,,,,,,
AL,KR,Bonifacio,Jorge,REG,BAT,,,,,,4,4,4
AL,KR,Burns,Billy,COMP,BAT,,,,,,,2,
AL,KR,Butera,Drew,REG,BAT,2,4,,,,,,
AL,KR,Cabrera,Melky,REG,BAT,,,,,,4,,4
AL,KR,Cain,Lorenzo,REG,BAT,,,,,,,1(B2),
AL,KR,Colon,Christian,COMP,BAT,,,3,,,,,
AL,KR,Cuthbert,Cheslor,REG,BAT,,4,4,4,,,,
AL,KR,Escobar,Alcides,REG,BAT,,,,,1,,,
AL,KR,Gallagher,Cam,COMP,BAT,3,,,,,,,
AL,KR,Gordon,Alex,REG,BAT,,,,,,1,3(B2),3(B2)
AL,KR,Gore,Terrance,COMP,BAT,,,,,,3,,
AL,KR,Hosmer,Eric,REG,BAT,,2,,,,,,
AL,KR,Merrifield,Whit,REG,BAT,,3,2,3,,3,,3
AL,KR,Mondesi Jr,Raul,ADD,BAT,,,2,,2,,,
AL,KR,Moss,Brandon,REG,BAT,,4,,,,4,,4
AL,KR,Moustakas,Mike,REG,BAT,,,,3,,,,
AL,KR,Orlando,Paulo,ADD,BAT,,,,,,,2,2
AL,KR,Perez,Salvador,REG,BAT,1,,,,,,,
AL,KR,Soler,Jorge,REG,BAT,,,,,,4,,4
AL,KR,Torres,Ramon,REG,BAT,,,3,4,4,,,
AL,KR,Alexander,Scott,REG,PIT,,,,,,,,
AL,KR,Almonte,Miguel,COMP,PIT,,,,,,,,
AL,KR,Buchter-2,Ryan,REG,PIT,,,,,,,,
AL,KR,Cahill-2,Trevor,COMP,PIT,,,,,,,,
AL,KR,Duffy,Danny,REG,PIT,,,,,,,,
AL,KR,Farrell-1,Luke,COMP,PIT,,,,,,,,
AL,KR,Feliz-2,Neftali,COMP,PIT,,,,,,,,
AL,KR,Flynn,Brian,COMP,PIT,,,,,,,,
AL,KR,Garcia,Onelki,COMP,PIT,,,,,,,,
AL,KR,Gaviglio,Sam,REG,PIT,,,,,,,,
AL,KR,Hammel,Jason,REG,PIT,,,,,,,,
AL,KR,Herrera,Kelvin,REG,PIT,,,,,,,,
AL,KR,Junis,Jakob,REG,PIT,,,,,,,,
AL,KR,Karns,Nathan,ADD,PIT,,,,,,,,
AL,KR,Kennedy,Ian,REG,PIT,,,,,,,,
AL,KR,Machado,Andres,COMP,PIT,,,,,,,,
AL,KR,Maness,Seth,COMP,PIT,,,,,,,,
AL,KR,Maurer-2,Brandon,COMP,PIT,,,,,,,,
AL,KR,McCarthy,Kevin,REG,PIT,,,,,,,,
AL,KR,Minor,Mike,REG,PIT,,,,,,,,
AL,KR,Morin,Mike,COMP,PIT,,,,,,,,
AL,KR,Moylan,Peter,REG,PIT,,,,,,,,
AL,KR,Skoglund,Eric,COMP,PIT,,,,,,,,
AL,KR,Soria,Joakim,REG,PIT,,,,,,,,
AL,KR,Strahm,Matt,ADD,PIT,,,,,,,,
AL,KR,Vargas,Jason,REG,PIT,,,,,,,,
AL,KR,Wood-1,Travis,ADD,PIT,,,,,,,,
AL,KR,Young,Chris,ADD,PIT,,,,,,,,
AL,LA,Calhoun,Kole,REG,BAT,,,,,,,,2
AL,LA,Cowart,Kaleb,REG,BAT,,,3,2,,,,
AL,LA,Cron,C.J.,REG,BAT,,3,,,,,,
AL,LA,Escobar,Yunel,REG,BAT,,,,4,,,,
AL,LA,Flores,Ramon,COMP,BAT,,,,,,,,3
AL,LA,Fontana,Nolan,COMP,BAT,,,3,,,,,
AL,LA,Franklin,Nick,COMP,BAT,,,4,,,3,,
AL,LA,Graterol,Juan,REG,BAT,3,,,,,,,
AL,LA,Maldonado,Martin,REG,BAT,1,5,,,,,,
AL,LA,Marte,Jefry,ADD,BAT,,4,,4,,4,,
AL,LA,Pennington,Cliff,REG,BAT,,,3,4,3,,,
AL,LA,Perez,Carlos,COMP,BAT,2,,,,,,,
AL,LA,Phillips,Brandon,REG,BAT,,,3,,,,,
AL,LA,Pujols,Albert,REG,BAT,,4,,,,,,
AL,LA,Revere,Ben,REG,BAT,,,,,,3,3,
AL,LA,Robinson,Shane,COMP,BAT,,,,,,2,3,3
AL,LA,Simmons,Andrelton,REG,BAT,,,,,1,,,
AL,LA,Trout,Mike,REG,BAT,,,,,,,2,
AL,LA,Upton,Justin,REG,BAT,,,,,,3,,
AL,LA,Valbuena,Luis,REG,BAT,,4(B3),,3,,,,
AL,LA,Young,Eric,REG,BAT,,,,,,3,4,4
AL,LA,Alvarez,Jose,REG,PIT,,,,,,,,
AL,LA,Bailey,Andrew,COMP,PIT,,,,,,,,
AL,LA,Bedrosian,Cam,REG,PIT,,,,,,,,
AL,LA,Bridwell,Parker,REG,PIT,,,,,,,,
AL,LA,Chavez,Jesse,REG,PIT,,,,,,,,
AL,LA,Guerra,Deolis,ADD,PIT,,,,,,,,
AL,LA,Gurka,Jason,COMP,PIT,,,,,,,,
AL,LA,Heaney,Andrew,COMP,PIT,,,,,,,,
AL,LA,Hernandez-1,David,ADD,PIT,,,,,,,,
AL,LA,Magnifico,Damien,COMP,PIT,,,,,,,,
AL,LA,Meyer,Alex,ADD,PIT,,,,,,,,
AL,LA,Middleton,Keynan,REG,PIT,,,,,,,,
AL,LA,Nolasco,Ricky,REG,PIT,,,,,,,,
AL,LA,Norris,Bud,REG,PIT,,,,,,,,
AL,LA,Paredes-1,Eduardo,COMP,PIT,,,,,,,,
AL,LA,Parker,Blake,REG,PIT,,,,,,,,
AL,LA,Petit,Yusmeiro,REG,PIT,,,,,,,,
AL,LA,Pounders,Brooks,COMP,PIT,,,,,,,,
AL,LA,Ramirez-1,JC,REG,PIT,,,,,,,,
AL,LA,Ramirez-2,Noe,COMP,PIT,,,,,,,,
AL,LA,Richards,Garrett,ADD,PIT,,,,,,,,
AL,LA,Salas-2,Fernando,COMP,PIT,,,,,,,,
AL,LA,Scribner,Troy,COMP,PIT,,,,,,,,
AL,LA,Shoemaker,Matt,REG,PIT,,,,,,,,
AL,LA,Skaggs,Tyler,REG,PIT,,,,,,,,
AL,LA,Street,Huston,COMP,PIT,,,,,,,,
AL,LA,Valdez-1,Jose,COMP,PIT,,,,,,,,
AL,LA,Wood-2,Blake,COMP,PIT,,,,,,,,
AL,LA,Wright,Daniel,COMP,PIT,,,,,,,,
AL,LA,Yates-1,Kirby,COMP,PIT,,,,,,,,
AL,MT,Adrianza,Ehire,REG,BAT,,4,3,4,4,4,,
AL,MT,Buxton,Byron,REG,BAT,,,,,,,1,
AL,MT,Castro,Jason,REG,BAT,2,,,,,,,
AL,MT,Dozier,Brian,REG,BAT,,,1,,,,,
AL,MT,Escobar,Eduardo,REG,BAT,,,3,3,4,5,,
AL,MT,Garver,Mitch,COMP,BAT,4,4,,,,4,,
AL,MT,Gimenez,Chris,REG,BAT,3,4,,5,,4,,
AL,MT,Goodrum,Niko,COMP,BAT,,,4,,,,,4
AL,MT,Granite,Zack,ADD,BAT,,,,,,3,3,3
AL,MT,Grossman,Robbie,REG,BAT,,,,,,5,,5
AL,MT,Kepler,Max,REG,BAT,,,,,,,3(B2),2
AL,MT,Mauer,Joe,REG,BAT,,1,,,,,,
AL,MT,Polanco,Jorge,REG,BAT,,,,,3,,,
AL,MT,Rosario,Eddie,REG,BAT,,,,,,3,3,3
AL,MT,Sano,Miguel,REG,BAT,,5,,4(B3),,,,
AL,MT,Santana,Danny,COMP,BAT,,,4,4,,4,,4
AL,MT,Vargas,Kennys,REG,BAT,,4,,,,,,
AL,MT,Belisle,Matt,REG,PIT,,,,,,,,
AL,MT,Berrios,Jose,REG,PIT,,,,,,,,
AL,MT,Boshers,Buddy,REG,PIT,,,,,,,,
AL,MT,Busenitz,Alan,REG,PIT,,,,,,,,
AL,MT,Colon-2,Bartolo,REG,PIT,,,,,,,,
AL,MT,Curtiss,John,COMP,PIT,,,,,,,,
AL,MT,Duffey,Tyler,REG,PIT,,,,,,,,
AL,MT,Enns,Dietrich,COMP,PIT,,,,,,,,
AL,MT,Gee,Dillon,REG,PIT,,,,,,,,
AL,MT,Gibson,Kyle,REG,PIT,,,,,,,,
AL,MT,Haley,Justin,COMP,PIT,,,,,,,,
AL,MT,Heston,Chris,COMP,PIT,,,,,,,,
AL,MT,Hildenberger,Trevor,REG,PIT,,,,,,,,
AL,MT,Hughes,Phil,ADD,PIT,,,,,,,,
AL,MT,Jorge,Felix,COMP,PIT,,,,,,,,
AL,MT,Kintzler-1,Brandon,MIX,PIT,,,,,,,,
AL,MT,Mejia,Adalberto,REG,PIT,,,,,,,,
AL,MT,Melville-1,Tim,COMP,PIT,,,,,,,,
AL,MT,Moya,Gabriel,COMP,PIT,,,,,,,,
AL,MT,Perkins,Glen,COMP,PIT,,,,,,,,
AL,MT,Pressly,Ryan,REG,PIT,,,,,,,,
AL,MT,Rogers,Taylor,REG,PIT,,,,,,,,
AL,MT,Rosario,Randy,COMP,PIT,,,,,,,,
AL,MT,Rucinski,Drew,COMP,PIT,,,,,,,,
AL,MT,Santana-1,Ervin,REG,PIT,,,,,,,,
AL,MT,Santiago,Hector,REG,PIT,,,,,,,,
AL,MT,Slegers,Aaron,COMP,PIT,,,,,,,,
AL,MT,Tonkin,Michael,COMP,PIT,,,,,,,,
AL,MT,Turley,Nik,COMP,PIT,,,,,,,,
AL,MT,Wheeler,Jason,COMP,PIT,,,,,,,,
AL,MT,Wilk-2,Adam,COMP,PIT,,,,,,,,
AL,MT,Wimmers,Alex,COMP,PIT,,,,,,,,
AL,NY,Andujar,Miguel,COMP,BAT,,,,4,,,,
AL,NY,Austin,Tyler,COMP,BAT,,3,,,,,,4
AL,NY,Bird,Greg,REG,BAT,,4(B3),,,,,,
AL,NY,Carter,Chris,ADD,BAT,,4,,,,,,5
AL,NY,Castro,Starlin,REG,BAT,,,3,,,,,
AL,NY,Choi,Ji-Man,COMP,BAT,,3,,,,,,
AL,NY,Cooper,Garrett,COMP,BAT,,4,,,,,,
AL,NY,Ellsbury,Jacoby,REG,BAT,,,,,,,2,
AL,NY,Frazier,Clint,REG,BAT,,,,,,3,,3
AL,NY,Frazier,Todd,REG,BAT,,3,,3,,,,
AL,NY,Gardner,Brett,REG,BAT,,,,,,1,3(B2),
AL,NY,Gregorius,Didi,REG,BAT,,,,,1,,,
AL,NY,Headley,Chase,REG,BAT,,4(B3),4,3,,,,
AL,NY,Hicks,Aaron,REG,BAT,,,,,,2,2,2
AL,NY,Higashioka,Kyle,COMP,BAT,4,,,,,,,
AL,NY,Holliday,Matt,REG,BAT,,5,,,,,,
AL,NY,Judge,Aaron,REG,BAT,,,,,,,,2
AL,NY,Kratz,Erik,COMP,BAT,4,,,,,,,
AL,NY,Romine,Austin,REG,BAT,3,4,,,,,,
AL,NY,Sanchez,Gary,REG,BAT,4(B3),5,,,,,,
AL,NY,Torreyes,Ronald,REG,BAT,,,2,2,3,,,4
AL,NY,Wade,Tyler,ADD,BAT,,,3,,3,4,,4
AL,NY,Williams,Mason,COMP,BAT,,,,,,,3,2
AL,NY,Betances,Dellin,REG,PIT,,,,,,,,
AL,NY,Cessa,Luis,ADD,PIT,,,,,,,,
AL,NY,Chapman,Aroldis,REG,PIT,,,,,,,,
AL,NY,Gallegos,Giovanny,COMP,PIT,,,,,,,,
AL,NY,Garcia-2,Jaime,REG,PIT,,,,,,,,
AL,NY,German,Domingo,COMP,PIT,,,,,,,,
AL,NY,Gray,Sonny,REG,PIT,,,,,,,,
AL,NY,Green,Chad,REG,PIT,,,,,,,,
AL,NY,Heller,Ben,COMP,PIT,,,,,,,,
AL,NY,Herrera,Ronald,COMP,PIT,,,,,,,,
AL,NY,Holder,Jonathan,ADD,PIT,,,,,,,,
AL,NY,Kahnle,Tommy,REG,PIT,,,,,,,,
AL,NY,Layne,Tommy,COMP,PIT,,,,,,,,
AL,NY,Mitchell,Bryan,ADD,PIT,,,,,,,,
AL,NY,Montgomery,Jordan,REG,PIT,,,,,,,,
AL,NY,Pineda,Michael,MIX,PIT,,,,,,,,
AL,NY,Robertson,David,REG,PIT,,,,,,,,
AL,NY,Sabathia,CC,REG,PIT,,,,,,,,
AL,NY,Severino,Luis,REG,PIT,,,,,,,,
AL,NY,Shreve,Chasen,REG,PIT,,,,,,,,
AL,NY,Smith-1,Caleb,COMP,PIT,,,,,,,,
AL,NY,Tanaka,Masahiro,REG,PIT,,,,,,,,
AL,NY,Warren,Adam,REG,PIT,,,,,,,,
AL,NY,Webb-1,Tyler,COMP,PIT,,,,,,,,
AL,OA,Barreto,Franklin,ADD,BAT,,,4,,4,,,
AL,OA,Brugman,Jaycob,REG,BAT,,,,,,3,3,3
AL,OA,Canha,Mark,REG,BAT,,4,,,,3(B4),4,4
AL,OA,Chapman,Matt,REG,BAT,,,,1(B2),,,,
AL,OA,Davis,Khris,REG,BAT,,,,,,3,,
AL,OA,Decker,Jaff,COMP,BAT,,,,,,3,4,3
AL,OA,Garneau,Dustin,COMP,BAT,3,,,,,,,
AL,OA,Healy,Ryon,REG,BAT,,4,,4(B5),,,,
AL,OA,Joyce,Matt,REG,BAT,,,,,,4,4,4
AL,OA,LaMarre,Ryan,COMP,BAT,,,,,,,4,
AL,OA,Lavarnway,Ryan,COMP,BAT,4,,,,,,,
AL,OA,Lowrie,Jed,REG,BAT,,,4(B3),4,,,,
AL,OA,Maxwell,Bruce,REG,BAT,3,,,,,,,
AL,OA,Nunez,Renato,COMP,BAT,,,,4,,5,,
AL,OA,Olson,Matt,REG,BAT,,2,,,,,,4(B3)
AL,OA,Phegley,Josh,REG,BAT,3,,,,,,,
AL,OA,Pinder,Chad,REG,BAT,,,3,,4,4(B3),4(B3),3
AL,OA,Powell,Boog,REG,BAT,,,,,,3,2,
AL,OA,Rosales,Adam,MIX,BAT,,,3,3,3,4,,
AL,OA,Semien,Marcus,REG,BAT,,,,,4(B3),,,
AL,OA,Smolinski,Jake,COMP,BAT,,,,,,,3,3
AL,OA,Vogt,Stephen,MIX,BAT,4,,,,,5,,
AL,OA,Wendle,Joey,COMP,BAT,,,3,,,,,
AL,OA,Alcantara,Raul,COMP,PIT,,,,,,,,
AL,OA,Axford,John,COMP,PIT,,,,,,,,
AL,OA,Blackburn,Paul,REG,PIT,,,,,,,,
AL,OA,Brady,Michael,ADD,PIT,,,,,,,,
AL,OA,Casilla,Santiago,REG,PIT,,,,,,,,
AL,OA,Castro,Simon,REG,PIT,,,,,,,,
AL,OA,Cotton,Jharel,REG,PIT,,,,,,,,
AL,OA,Coulombe,Daniel,REG,PIT,,,,,,,,
AL,OA,Doolittle-1,Sean,ADD,PIT,,,,,,,,
AL,OA,Dull,Ryan,REG,PIT,,,,,,,,
AL,OA,Gossett,Daniel,REG,PIT,,,,,,,,
AL,OA,Graveman,Kendall,REG,PIT,,,,,,,,
AL,OA,Hahn,Jesse,REG,PIT,,,,,,,,
AL,OA,Hatcher-2,Chris,ADD,PIT,,,,,,,,
AL,OA,Hendriks,Liam,REG,PIT,,,,,,,,
AL,OA,Madson-1,Ryan,MIX,PIT,,,,,,,,
AL,OA,Manaea,Sean,REG,PIT,,,,,,,,
AL,OA,Mengden,Daniel,ADD,PIT,,,,,,,,
AL,OA,Moll,Sam,COMP,PIT,,,,,,,,
AL,OA,Montas,Frankie,ADD,PIT,,,,,,,,
AL,OA,Neal,Zach,COMP,PIT,,,,,,,,
AL,OA,Smith-3,Chris,REG,PIT,,,,,,,,
AL,OA,Smith-2,Josh,REG,PIT,,,,,,,,
AL,OA,Treinen-2,Blake,REG,PIT,,,,,,,,
AL,OA,Triggs,Andrew,ADD,PIT,,,,,,,,
AL,OA,Wahl,Bobby,COMP,PIT,,,,,,,,
AL,SM,Alonso,Yonder,REG,BAT,,2(B3),,,,,,
AL,SM,Beckham,Gordon,COMP,BAT,,,3,3,4,,,
AL,SM,Cano,Robinson,REG,BAT,,,2,,,,,
AL,SM,Cruz,Nelson,REG,BAT,,,,,,,,5
AL,SM,Dyson,Jarrod,REG,BAT,,,,,,1,1,
AL,SM,Freeman,Mike,COMP,BAT,,4,3,4,,,,
AL,SM,Gamel,Ben,REG,BAT,,4,,,,3,,3
AL,SM,Gosewisch,Tuffy,COMP,BAT,2,5,,,,,,
AL,SM,Haniger,Mitch,REG,BAT,,,,,,2(B3),3,2(B3)
AL,SM,Hannemann,Jacob,COMP,BAT,,,,,,3,3,
AL,SM,Heredia,Guillermo,REG,BAT,,,,,,2,2,2
AL,SM,Marjama,Mike,COMP,BAT,4,,,,,,,
AL,SM,Martin,Leonys,ADD,BAT,,,,,,,2,2
AL,SM,Motter,Taylor,REG,BAT,,4,3,3,3,4,,4
AL,SM,Ruiz,Carlos,REG,BAT,4,5,,,,,,
AL,SM,Seager,Kyle,REG,BAT,,,,1,,,,
AL,SM,Segura,Jean,REG,BAT,,,,,4,,,
AL,SM,Smith,Tyler,COMP,BAT,,,4,,4,,,
AL,SM,Valencia,Danny,REG,BAT,,3,,4,,,,4
AL,SM,Vogelbach,Dan,COMP,BAT,,5,,,,,,
AL,SM,Zunino,Mike,REG,BAT,3,,,,,,,
AL,SM,Albers,Andrew,ADD,PIT,,,,,,,,
AL,SM,Altavilla,Dan,REG,PIT,,,,,,,,
AL,SM,Bergman,Christian,ADD,PIT,,,,,,,,
AL,SM,Cloyd,Tyler,COMP,PIT,,,,,,,,
AL,SM,Curtis-1,Zac,COMP,PIT,,,,,,,,
AL,SM,De Jong,Chase,ADD,PIT,,,,,,,,
AL,SM,Diaz,Edwin,REG,PIT,,,,,,,,
AL,SM,Fien-1,Casey,COMP,PIT,,,,,,,,
AL,SM,Gallardo,Yovani,REG,PIT,,,,,,,,
AL,SM,Garton,Ryan,COMP,PIT,,,,,,,,
AL,SM,Gonzales-2,Marco,ADD,PIT,,,,,,,,
AL,SM,Hernandez,Felix,REG,PIT,,,,,,,,
AL,SM,Iwakuma,Hisashi,ADD,PIT,,,,,,,,
AL,SM,Lawrence,Casey,REG,PIT,,,,,,,,
AL,SM,Leake-2,Mike,ADD,PIT,,,,,,,,
AL,SM,Machi,Jean,COMP,PIT,,,,,,,,
AL,SM,Marshall,Evan,COMP,PIT,,,,,,,,
AL,SM,Martin,Cody,COMP,PIT,,,,,,,,
AL,SM,Miranda,Ariel,REG,PIT,,,,,,,,
AL,SM,Moore,Andrew,REG,PIT,,,,,,,,
AL,SM,Overton-1,Dillon,COMP,PIT,,,,,,,,
AL,SM,Pagan,Emilio,REG,PIT,,,,,,,,
AL,SM,Paxton,James,REG,PIT,,,,,,,,
AL,SM,Pazos,James,REG,PIT,,,,,,,,
AL,SM,Phelps-2,David,COMP,PIT,,,,,,,,
AL,SM,Povse,Max,COMP,PIT,,,,,,,,
AL,SM,Ramirez,Erasmo,REG,PIT,,,,,,,,
AL,SM,Rzepczynski,Marc,REG,PIT,,,,,,,,
AL,SM,Scribner,Evan,COMP,PIT,,,,,,,,
AL,SM,Simmons,Shae,COMP,PIT,,,,,,,,
AL,SM,Vieira,Thyago,COMP,PIT,,,,,,,,
AL,SM,Vincent,Nick,REG,PIT,,,,,,,,
AL,SM,Weber,Ryan,COMP,PIT,,,,,,,,
AL,SM,Whalen,Rob,COMP,PIT,,,,,,,,
AL,SM,Zych,Tony,REG,PIT,,,,,,,,
AL,TB,Bourjos,Peter,REG,BAT,,,,,,1,2,1
AL,TB,Casali,Curt,COMP,BAT,2,,,,,,,
AL,TB,Dickerson,Corey,REG,BAT,,,,,,4(B3),,
AL,TB,Duda,Lucas,REG,BAT,,4,,,,,,
AL,TB,Espinosa,Danny,MIX,BAT,,3,2,3,3,,,
AL,TB,Featherston,Taylor,COMP,BAT,,3,4,3,4,,,
AL,TB,Hechavarria,Adeiny,REG,BAT,,,,,1,,,
AL,TB,Kiermaier,Kevin,REG,BAT,,,,,,,1,
AL,TB,Longoria,Evan,REG,BAT,,,,1,,,,
AL,TB,Martinez,Michael,COMP,BAT,,,3,3,4,,3,
AL,TB,Miller,Brad,REG,BAT,,,4,,,,,
AL,TB,Morrison,Logan,REG,BAT,,2,,,,,,
AL,TB,Norris,Derek,REG,BAT,3,,,,,,,
AL,TB,Peterson,Shane,ADD,BAT,,,,,,3,,4
AL,TB,Plouffe,Trevor,REG,BAT,,4,4,3,,,,
AL,TB,Puello,Cesar,COMP,BAT,,,,,,3,,3
AL,TB,Ramos,Wilson,REG,BAT,2,,,,,,,
AL,TB,Rasmus,Colby,ADD,BAT,,,,,,2,,2
AL,TB,Robertson,Daniel,REG,BAT,,,2,2,3,4,,
AL,TB,Smith,Mallex,REG,BAT,,,,,,3,4,4
AL,TB,Souza Jr,Steven,REG,BAT,,,,,,,4,2
AL,TB,Sucre,Jesus,REG,BAT,2,,,,,,,
AL,TB,Weeks Jr,Rickie,ADD,BAT,,4,,,,,,
AL,TB,Alvarado,Jose,ADD,PIT,,,,,,,,
AL,TB,Andriese,Matt,REG,PIT,,,,,,,,
AL,TB,Archer,Chris,REG,PIT,,,,,,,,
AL,TB,Boxberger,Brad,ADD,PIT,,,,,,,,
AL,TB,Cedeno,Xavier,COMP,PIT,,,,,,,,
AL,TB,Cishek,Steve,REG,PIT,,,,,,,,
AL,TB,Cobb,Alex,REG,PIT,,,,,,,,
AL,TB,Colome,Alex,REG,PIT,,,,,,,,
AL,TB,De Leon,Jose,COMP,PIT,,,,,,,,
AL,TB,Diaz-1,Jumbo,ADD,PIT,,,,,,,,
AL,TB,Faria,Jake,REG,PIT,,,,,,,,
AL,TB,Hu,Chih-Wei,COMP,PIT,,,,,,,,
AL,TB,Hunter,Tommy,REG,PIT,,,,,,,,
AL,TB,Jennings,Dan,REG,PIT,,,,,,,,
AL,TB,Kittredge,Andrew,COMP,PIT,,,,,,,,
AL,TB,Kolarek,Adam,COMP,PIT,,,,,,,,
AL,TB,Marks,Justin,COMP,PIT,,,,,,,,
AL,TB,Martinez,Michael,COMP,PIT,,,,,,,,
AL,TB,Moreno,Diego,COMP,PIT,,,,,,,,
AL,TB,Odorizzi,Jake,REG,PIT,,,,,,,,
AL,TB,Pruitt,Austin,REG,PIT,,,,,,,,
AL,TB,Roe-2,Chaz,COMP,PIT,,,,,,,,
AL,TB,Romo-2,Sergio,ADD,PIT,,,,,,,,
AL,TB,Snell,Blake,REG,PIT,,,,,,,,
AL,TB,Stanek,Ryne,COMP,PIT,,,,,,,,
AL,TB,Whitley,Chase,REG,PIT,,,,,,,,
AL,TB,Wood,Hunter,COMP,PIT,,,,,,,,
AL,TE,Andrus,Elvis,REG,BAT,,,,,2,,,
AL,TE,Beltre,Adrian,REG,BAT,,,,1,,,,
AL,TE,Calhoun,Willie,COMP,BAT,,,,,,4,,
AL,TE,Chirinos,Robinson,REG,BAT,3,,,,,,,
AL,TE,Choo,Shin-Soo,REG,BAT,,,,,,,,4
AL,TE,Deshields Jr,Delino,REG,BAT,,,,,,3,4,
AL,TE,Gallo,Joey,REG,BAT,,3,,3,,3,,
AL,TE,Gomez,Carlos,REG,BAT,,,,,,,3,
AL,TE,Gosselin,Phil,COMP,BAT,,,3,4,4,,,
AL,TE,Hoying,Jared,REG,BAT,,,,,,,2,2
AL,TE,Jimenez,A.J.,COMP,BAT,3,,,,,,,
AL,TE,Kozma,Pete,COMP,BAT,,4,3,3,3,,,
AL,TE,Lucroy,Jonathan,MIX,BAT,3,4,,,,,,
AL,TE,Mazara,Nomar,REG,BAT,,,,,,4,,4
AL,TE,Middlebrooks,Will,COMP,BAT,,4,,4,,,,
AL,TE,Napoli,Mike,REG,BAT,,3,,,,,,
AL,TE,Nicholas,Brett,REG,BAT,4,,,,,,,
AL,TE,Odor,Rougned,REG,BAT,,,4,,,,,
AL,TE,Profar,Jurickson,ADD,BAT,,4,4,4,3,4,,
AL,TE,Robinson,Drew,REG,BAT,,,4,4,4,3,4,
AL,TE,Rua,Ryan,REG,BAT,,3,,,,3,,4
AL,TE,Alvarez,Dario,COMP,PIT,,,,,,,,
AL,TE,Barnette,Tony,REG,PIT,,,,,,,,
AL,TE,Bass,Anthony,COMP,PIT,,,,,,,,
AL,TE,Bibens-Dirkx,Austin,REG,PIT,,,,,,,,
AL,TE,Bush,Matt,REG,PIT,,,,,,,,
AL,TE,Cashner,Andrew,REG,PIT,,,,,,,,
AL,TE,Claiborne,Preston,COMP,PIT,,,,,,,,
AL,TE,Claudio,Alex,REG,PIT,,,,,,,,
AL,TE,Darvish-1,Yu,MIX,PIT,,,,,,,,
AL,TE,Diekman,Jake,COMP,PIT,,,,,,,,
AL,TE,Dyson-1,Sam,COMP,PIT,,,,,,,,
AL,TE,Espino-2,Paolo,COMP,PIT,,,,,,,,
AL,TE,Frieri,Ernesto,COMP,PIT,,,,,,,,
AL,TE,Gardewine,Nick,COMP,PIT,,,,,,,,
AL,TE,Gonzalez,Miguel,REG,PIT,,,,,,,,
AL,TE,Griffin,A.J.,REG,PIT,,,,,,,,
AL,TE,Grilli,Jason,REG,PIT,,,,,,,,
AL,TE,Hamels,Cole,REG,PIT,,,,,,,,
AL,TE,Hauschild,Mike,COMP,PIT,,,,,,,,
AL,TE,Jeffress-1,Jeremy,ADD,PIT,,,,,,,,
AL,TE,Kela,Keone,REG,PIT,,,,,,,,
AL,TE,Leclerc,Jose,REG,PIT,,,,,,,,
AL,TE,Marinez-2,Jhan,COMP,PIT,,,,,,,,
AL,TE,Martinez,Nick,REG,PIT,,,,,,,,
AL,TE,Mendez,Yohander,COMP,PIT,,,,,,,,
AL,TE,Perez,Martin,REG,PIT,,,,,,,,
AL,TE,Rodriguez-1,Ricardo,COMP,PIT,,,,,,,,
AL,TE,Ross,Tyson,ADD,PIT,,,,,,,,
AL,TE,Scheppers,Tanner,COMP,PIT,,,,,,,,
AL,TO,Alford,Anthony,COMP,BAT,,,,,,3,,3
AL,TO,Aoki,Nori,MIX,BAT,,,,,,4(B3),,4(B3)
AL,TO,Barney,Darwin,REG,BAT,,,2,3,3,4,,
AL,TO,Bautista,Jose,REG,BAT,,4,,4,,,,4
AL,TO,Carrera,Ezequiel,REG,BAT,,,,,,3,4,3
AL,TO,Ceciliani,Darrell,COMP,BAT,,,,,,3,,
AL,TO,Coghlan,Chris,ADD,BAT,,,4,4,,4,,
AL,TO,Donaldson,Josh,REG,BAT,,,,2,4,,,
AL,TO,Goins,Ryan,REG,BAT,,,2,3,2,,,
AL,TO,Hernandez,Teoscar,REG,BAT,,,,,,3,4,3
AL,TO,Lopez,Raffy,ADD,BAT,4,,,5,,,,
AL,TO,Maile,Luke,REG,BAT,2,,,,,,,
AL,TO,Martin,Russell,REG,BAT,2,,,4,,,,
AL,TO,Montero,Miguel,REG,BAT,4,,,,,,,
AL,TO,Morales,Kendrys,REG,BAT,,4,,,,,,
AL,TO,Ohlman,Mike,COMP,BAT,4,,,,,,,
AL,TO,Parmley,Ian,COMP,BAT,,,,,,,,4
AL,TO,Pearce,Steve,REG,BAT,,3,,,,4,,
AL,TO,Pillar,Kevin,REG,BAT,,,,,,,1,
AL,TO,Refsnyder,Rob,ADD,BAT,,5,4(B5),,,4,,4
AL,TO,Saltalamacchia,J.,COMP,BAT,4,,,,,,,
AL,TO,Saunders,Michael,COMP,BAT,,,,,,4,,4
AL,TO,Smith Jr,Dwight,COMP,BAT,,,,,,4,4,
AL,TO,Smoak,Justin,REG,BAT,,2,,,,,,
AL,TO,Travis,Devon,REG,BAT,,,3,,,,,
AL,TO,Tulowitzki,Troy,REG,BAT,,,,,3,,,
AL,TO,Urena,Richard,ADD,BAT,,,4,,4,,,
AL,TO,Anderson-2,Brett,REG,PIT,,,,,,,,
AL,TO,Barnes,Danny,REG,PIT,,,,,,,,
AL,TO,Beliveau,Jeff,COMP,PIT,,,,,,,,
AL,TO,Biagini,Joe,REG,PIT,,,,,,,,
AL,TO,Bolsinger,Mike,REG,PIT,,,,,,,,
AL,TO,Campos,Leonel,COMP,PIT,,,,,,,,
AL,TO,Cole,Taylor,COMP,PIT,,,,,,,,
AL,TO,Dermody,Matt,COMP,PIT,,,,,,,,
AL,TO,Estrada,Marco,REG,PIT,,,,,,,,
AL,TO,Happ,J.A.,REG,PIT,,,,,,,,
AL,TO,Harrell,Lucas,COMP,PIT,,,,,,,,
AL,TO,House,T.J.,COMP,PIT,,,,,,,,
AL,TO,Howell,J.P.,COMP,PIT,,,,,,,,
AL,TO,Koehler-2,Tom,COMP,PIT,,,,,,,,
AL,TO,Latos,Mat,COMP,PIT,,,,,,,,
AL,TO,Leone,Dominic,REG,PIT,,,,,,,,
AL,TO,Loup,Aaron,REG,PIT,,,,,,,,
AL,TO,Mayza,Tim,COMP,PIT,,,,,,,,
AL,TO,Osuna,Roberto,REG,PIT,,,,,,,,
AL,TO,Ramirez,Carlos,COMP,PIT,,,,,,,,
AL,TO,Rowley,Chris,COMP,PIT,,,,,,,,
AL,TO,Sanchez-1,Aaron,MIX,PIT,,,,,,,,
AL,TO,Santos,Luis,COMP,PIT,,,,,,,,
AL,TO,Smith-4,Chris,COMP,PIT,,,,,,,,
AL,TO,Sparkman,Glenn,COMP,PIT,,,,,,,,
AL,TO,Stroman,Marcus,REG,PIT,,,,,,,,
AL,TO,Tepera,Ryan,REG,PIT,,,,,,,,
AL,TO,Tepesch,Nick,COMP,PIT,,,,,,,,
AL,TO,Valdez,Cesar,REG,PIT,,,,,,,,
NL,AR,Ahmed,Nick,REG,BAT,,,,,2,,,
NL,AR,Blanco,Gregor,REG,BAT,,,,,,2(B3),2(B3),3
NL,AR,Descalso,Daniel,REG,BAT,,4,3(B4),4,4,4,,
NL,AR,Drury,Brandon,REG,BAT,,,4,4,,,,
NL,AR,Fuentes,Rey,REG,BAT,,,,,,2(B3),3,3
NL,AR,Goldschmidt,Paul,REG,BAT,,1,,,,,,
NL,AR,Hazelbaker,Jeremy,ADD,BAT,,,,,,3,4,4
NL,AR,Herrmann,Chris,REG,BAT,4,4,,,,4,,4
NL,AR,Iannetta,Chris,REG,BAT,4,,,5,,,,
NL,AR,Lamb,Jake,REG,BAT,,,,4,,,,
NL,AR,Marte,Ketel,REG,BAT,,,,4,4,,,
NL,AR,Martinez,J.D.,REG,BAT,,,,,,,,4
NL,AR,Mathis,Jeff,REG,BAT,3,,,,,,,
NL,AR,Murphy,John Ryan,COMP,BAT,3,,,,,,,
NL,AR,Negron,Kristopher,COMP,BAT,,4,3,,3,3,,
NL,AR,Owings,Chris,REG,BAT,,,3,,4,,,4
NL,AR,Peralta,David,REG,BAT,,,,,,3,,4
NL,AR,Pollock,A.J.,REG,BAT,,,,,,,1,
NL,AR,Reinheimer,Jack,COMP,BAT,,,,,4,,,
NL,AR,Rosales,Adam,ADD,BAT,,4,3,3,3,,,
NL,AR,Tomas,Yasmany,ADD,BAT,,,,,,5,,
NL,AR,Vargas,Ildemaro,COMP,BAT,,,4,4,,,,
NL,AR,Walker,Christian,COMP,BAT,,4,,,,,,
NL,AR,Banda,Anthony,ADD,PIT,,,,,,,,
NL,AR,Barrett,Jake,ADD,PIT,,,,,,,,
NL,AR,Bracho,Silvino,COMP,PIT,,,,,,,,
NL,AR,Bradley,Archie,REG,PIT,,,,,,,,
NL,AR,Chafin,Andrew,REG,PIT,,,,,,,,
NL,AR,Corbin,Patrick,REG,PIT,,,,,,,,
NL,AR,de la Rosa-1,Jorge,REG,PIT,,,,,,,,
NL,AR,de la Rosa-2,Rubby,COMP,PIT,,,,,,,,
NL,AR,Delgado,Randall,REG,PIT,,,,,,,,
NL,AR,Godley,Zack,REG,PIT,,,,,,,,
NL,AR,Greinke,Zack,REG,PIT,,,,,,,,
NL,AR,Hernandez-2,David,COMP,PIT,,,,,,,,
NL,AR,Hoover,J.J.,REG,PIT,,,,,,,,
NL,AR,Koch,Matt,COMP,PIT,,,,,,,,
NL,AR,McFarland,T.J.,REG,PIT,,,,,,,,
NL,AR,Miller,Shelby,COMP,PIT,,,,,,,,
NL,AR,Ray,Robbie,REG,PIT,,,,,,,,
NL,AR,Rodney,Fernando,REG,PIT,,,,,,,,
NL,AR,Sherfy,Jimmie,ADD,PIT,,,,,,,,
NL,AR,Shipley,Braden,ADD,PIT,,,,,,,,
NL,AR,Walker,Taijuan,REG,PIT,,,,,,,,
NL,AR,Wilhelmsen,Tom,ADD,PIT,,,,,,,,
NL,AT,Adams,Lane,REG,BAT,,,,,,3,3,3
NL,AT,Adams,Matt,REG,BAT,,3,,,,5,,
NL,AT,Albies,Ozzie,REG,BAT,,,2,,,,,
NL,AT,Bonifacio,Emilio,COMP,BAT,,,,,,3,,3
NL,AT,Camargo,Johan,REG,BAT,,,3,2,3,5,,
NL,AT,Flowers,Tyler,REG,BAT,3,,,,,,,
NL,AT,Freeman,Freddie,REG,BAT,,2,,5,,,,
NL,AT,Freitas,David,COMP,BAT,4,,,,,,,
NL,AT,Garcia,Adonis,REG,BAT,,,,4,,5,,
NL,AT,Inciarte,Ender,REG,BAT,,,,,,,1,
NL,AT,Johnson,Micah,COMP,BAT,,,,,,4,,
NL,AT,Kemp,Matt,REG,BAT,,,,,,5(B4),,
NL,AT,Markakis,Nick,REG,BAT,,,,,,,,3(B2)
NL,AT,Peterson,Jace,REG,BAT,,4,3,3,4,4,,4
NL,AT,Phillips,Brandon,MIX,BAT,,,3,3,,,,
NL,AT,Recker,Anthony,COMP,BAT,3,,,,,,,
NL,AT,Ruiz,Rio,REG,BAT,,4,,4(B3),,,,
NL,AT,Sanchez,Tony,COMP,BAT,4,,,,,,,
NL,AT,Santana,Danny,REG,BAT,,,4,4,,4,4,4
NL,AT,Suzuki,Kurt,REG,BAT,4,,,,,,,
NL,AT,Swanson,Dansby,REG,BAT,,,,,2,,,
NL,AT,Blair,Aaron,COMP,PIT,,,,,,,,
NL,AT,Brothers,Rex,COMP,PIT,,,,,,,,
NL,AT,Collmenter,Josh,COMP,PIT,,,,,,,,
NL,AT,Colon-1,Bartolo,ADD,PIT,,,,,,,,
NL,AT,Dickey,R.A.,REG,PIT,,,,,,,,
NL,AT,Foltynewicz,Mike,REG,PIT,,,,,,,,
NL,AT,Freeman,Sam,REG,PIT,,,,,,,,
NL,AT,Fried,Max,ADD,PIT,,,,,,,,
NL,AT,Garcia-1,Jaime,MIX,PIT,,,,,,,,
NL,AT,Gohara,Luiz,ADD,PIT,,,,,,,,
NL,AT,Hursh,Jason,COMP,PIT,,,,,,,,
NL,AT,Jackson,Luke,REG,PIT,,,,,,,,
NL,AT,Johnson,Jim,REG,PIT,,,,,,,,
NL,AT,Krol,Ian,REG,PIT,,,,,,,,
NL,AT,Minter,A.J.,COMP,PIT,,,,,,,,
NL,AT,Morris,Akeel,COMP,PIT,,,,,,,,
NL,AT,Motte,Jason,REG,PIT,,,,,,,,
NL,AT,Newcomb,Sean,REG,PIT,,,,,,,,
NL,AT,O'Flaherty,Eric,COMP,PIT,,,,,,,,
NL,AT,Ramirez-2,Jose,REG,PIT,,,,,,,,
NL,AT,Roe-1,Chaz,COMP,PIT,,,,,,,,
NL,AT,Sims,Luke,REG,PIT,,,,,,,,
NL,AT,Teheran,Julio,REG,PIT,,,,,,,,
NL,AT,Vizcaino,Arodys,REG,PIT,,,,,,,,
NL,AT,Winkler,Daniel,COMP,PIT,,,,,,,,
NL,AT,Wisler,Matt,ADD,PIT,,,,,,,,
NL,CC,Almora,Albert,REG,BAT,,,,,,,2,
NL,CC,Avila,Alex,REG,BAT,2,4,,,,,,
NL,CC,Baez,Javier,REG,BAT,,,1(B2),3,2(B3),,,4
NL,CC,Bryant,Kris,REG,BAT,,4,,3,,4,,4
NL,CC,Candelario,Jeimer,COMP,BAT,,4,,4,,,,
NL,CC,Caratini,Victor,ADD,BAT,4,4,,,,5,,
NL,CC,Contreras,Willson,REG,BAT,3,4,,,,4,,4
NL,CC,Davis,Taylor,COMP,BAT,4,4,,4,,,,
NL,CC,Freeman,Mike,COMP,BAT,,,3,4,4,,,
NL,CC,Happ,Ian,REG,BAT,,,4,,,4,4,4
NL,CC,Heyward,Jason,REG,BAT,,,,,,,3,1
NL,CC,Jay,Jon,REG,BAT,,,,,,3(B2),3,3(B2)
NL,CC,La Stella,Tommy,REG,BAT,,,4,4,,,,
NL,CC,Martin,Leonys,COMP,BAT,,,,,,2,2,2
NL,CC,Montero,Miguel,ADD,BAT,4,5,,,,,,
NL,CC,Rivera,Rene,REG,BAT,3,,,,,,,
NL,CC,Rizzo,Anthony,REG,BAT,,1,,5,,,,
NL,CC,Russell,Addison,REG,BAT,,,,,1(B2),,,
NL,CC,Schwarber,Kyle,REG,BAT,5,,,,,5,,
NL,CC,Zagunis,Mark,COMP,BAT,,,,,,,,4
NL,CC,Zobrist,Ben,REG,BAT,,,3,4,,4(B3),,4(B3)
NL,CC,Anderson-1,Brett,COMP,PIT,,,,,,,,
NL,CC,Arrieta,Jake,REG,PIT,,,,,,,,
NL,CC,Butler,Eddie,ADD,PIT,,,,,,,,
NL,CC,Davis,Wade,REG,PIT,,,,,,,,
NL,CC,Duensing,Brian,REG,PIT,,,,,,,,
NL,CC,Edwards Jr.,Carl,REG,PIT,,,,,,,,
NL,CC,Floro,Dylan,COMP,PIT,,,,,,,,
NL,CC,Frankoff,Seth,COMP,PIT,,,,,,,,
NL,CC,Grimm,Justin,REG,PIT,,,,,,,,
NL,CC,Hendricks,Kyle,REG,PIT,,,,,,,,
NL,CC,Johnson,Pierce,COMP,PIT,,,,,,,,
NL,CC,Lackey,John,REG,PIT,,,,,,,,
NL,CC,Lester,Jon,REG,PIT,,,,,,,,
NL,CC,Maples,Dillon,COMP,PIT,,,,,,,,
NL,CC,Montgomery,Mike,REG,PIT,,,,,,,,
NL,CC,Pena,Felix,ADD,PIT,,,,,,,,
NL,CC,Quintana-2,Jose,REG,PIT,,,,,,,,
NL,CC,Rondon,Hector,REG,PIT,,,,,,,,
NL,CC,Strop,Pedro,REG,PIT,,,,,,,,
NL,CC,Tseng,Jen-Ho,COMP,PIT,,,,,,,,
NL,CC,Uehara,Koji,REG,PIT,,,,,,,,
NL,CC,Wilson-2,Justin,COMP,PIT,,,,,,,,
NL,CC,Zastryzny,Rob,COMP,PIT,,,,,,,,
NL,CN,Alcantara,Arismendy,REG,BAT,,,4,4,4,4,4,4
NL,CN,Barnhart,Tucker,REG,BAT,1,,,,,,,
NL,CN,Cozart,Zack,REG,BAT,,,,,1,,,
NL,CN,Duvall,Adam,REG,BAT,,4,,,,2,,
NL,CN,Ervin,Phillip,ADD,BAT,,,,,,3,4,3
NL,CN,Gennett,Scooter,REG,BAT,,,3,4,,5,,5
NL,CN,Hamilton,Billy,REG,BAT,,,,,,,1,
NL,CN,Kivlehan,Patrick,REG,BAT,,4,,3,,4,,4
NL,CN,Mesoraco,Devin,REG,BAT,3,,,,,,,
NL,CN,Peraza,Jose,REG,BAT,,,2,,3,,4,
NL,CN,Schebler,Scott,REG,BAT,,,,,,,4,3
NL,CN,Suarez,Eugenio,REG,BAT,,,,2,4,,,
NL,CN,Turner,Stuart,REG,BAT,3,,,,,,,
NL,CN,Vincej,Zach,COMP,BAT,,,3,,3,,,
NL,CN,Votto,Joey,REG,BAT,,2,,,,,,
NL,CN,Wallach,Chad,COMP,BAT,4,4,,,,,,
NL,CN,Winker,Jesse,REG,BAT,,,,,,4,,4
NL,CN,Adleman,Tim,REG,PIT,,,,,,,,
NL,CN,Arroyo,Bronson,ADD,PIT,,,,,,,,
NL,CN,Astin,Barrett,COMP,PIT,,,,,,,,
NL,CN,Bailey,Homer,REG,PIT,,,,,,,,
NL,CN,Bonilla,Lisalverto,ADD,PIT,,,,,,,,
NL,CN,Brice,Austin,ADD,PIT,,,,,,,,
NL,CN,Buchanan,Jake,COMP,PIT,,,,,,,,
NL,CN,Castillo,Luis,REG,PIT,,,,,,,,
NL,CN,Chacin,Alejandro,COMP,PIT,,,,,,,,
NL,CN,Davis,Rookie,COMP,PIT,,,,,,,,
NL,CN,Farrell-2,Luke,COMP,PIT,,,,,,,,
NL,CN,Feldman,Scott,REG,PIT,,,,,,,,
NL,CN,Finnegan,Brandon,COMP,PIT,,,,,,,,
NL,CN,Garrett,Amir,REG,PIT,,,,,,,,
NL,CN,Hernandez,Ariel,COMP,PIT,,,,,,,,
NL,CN,Iglesias,Raisel,REG,PIT,,,,,,,,
NL,CN,Lorenzen,Michael,REG,PIT,,,,,,,,
NL,CN,Mahle,Tyler,COMP,PIT,,,,,,,,
NL,CN,McGuire,Deck,COMP,PIT,,,,,,,,
NL,CN,Mella,Keury,COMP,PIT,,,,,,,,
NL,CN,Peralta-1,Wandy,REG,PIT,,,,,,,,
NL,CN,Reed,Cody,COMP,PIT,,,,,,,,
NL,CN,Romano,Sal,REG,PIT,,,,,,,,
NL,CN,Shackelford,Kevin,REG,PIT,,,,,,,,
NL,CN,Stephens,Jackson,ADD,PIT,,,,,,,,
NL,CN,Stephenson,Robert,REG,PIT,,,,,,,,
NL,CN,Storen,Drew,REG,PIT,,,,,,,,
NL,CN,Wojciechowski,Asher,REG,PIT,,,,,,,,
NL,CN,Wood-1,Blake,ADD,PIT,,,,,,,,
NL,CO,Adames,Cristhian,COMP,BAT,,4,3,,3,,,
NL,CO,Amarista,Alexi,REG,BAT,,,3,3,3(B4),4,4,4
NL,CO,Arenado,Nolan,REG,BAT,,,,1,,,,
NL,CO,Blackmon,Charlie,REG,BAT,,,,,,,3,
NL,CO,Cardullo,Stephen,COMP,BAT,,,,,,4,,4
NL,CO,Desmond,Ian,REG,BAT,,4,,,4,3,4,
NL,CO,Garneau,Dustin,ADD,BAT,3,,,,,,,
NL,CO,Gonzalez,Carlos,REG,BAT,,,,,,,,2
NL,CO,Hanigan,Ryan,REG,BAT,3,,,,,,,
NL,CO,LeMahieu,D.J.,REG,BAT,,,1,,,,,
NL,CO,Lucroy,Jonathan,REG,BAT,3,,,,,,,
NL,CO,McMahon,Ryan,COMP,BAT,,4,4,4,,,,
NL,CO,Murphy,Tom,COMP,BAT,4,,,,,,,
NL,CO,Parra,Gerardo,REG,BAT,,4,,,,2,4,3
NL,CO,Reynolds,Mark,REG,BAT,,3,,,,,,
NL,CO,Story,Trevor,REG,BAT,,,,,2,,,
NL,CO,Tapia,Raimel,REG,BAT,,,,,,3(B4),4,3(B4)
NL,CO,Tauchman,Mike,COMP,BAT,,,,,,3,4,4
NL,CO,Valaika,Pat,REG,BAT,,4,4,3,4,5,,
NL,CO,Wolters,Tony,REG,BAT,3,,4,4,,,,
NL,CO,Anderson,Tyler,ADD,PIT,,,,,,,,
NL,CO,Bettis,Chad,ADD,PIT,,,,,,,,
NL,CO,Carle,Shane,COMP,PIT,,,,,,,,
NL,CO,Chatwood,Tyler,REG,PIT,,,,,,,,
NL,CO,Diaz-2,Jairo,COMP,PIT,,,,,,,,
NL,CO,Dunn,Mike,REG,PIT,,,,,,,,
NL,CO,Estevez,Carlos,ADD,PIT,,,,,,,,
NL,CO,Freeland,Kyle,REG,PIT,,,,,,,,
NL,CO,Gray,Jon,REG,PIT,,,,,,,,
NL,CO,Hoffman,Jeff,REG,PIT,,,,,,,,
NL,CO,Holland,Greg,REG,PIT,,,,,,,,
NL,CO,Marquez,German,REG,PIT,,,,,,,,
NL,CO,McGee,Jake,REG,PIT,,,,,,,,
NL,CO,Neshek,Pat,REG,PIT,,,,,,,,
NL,CO,Oberg,Scott,REG,PIT,,,,,,,,
NL,CO,Ottavino,Adam,REG,PIT,,,,,,,,
NL,CO,Qualls,Chad,COMP,PIT,,,,,,,,
NL,CO,Rosscup,Zac,COMP,PIT,,,,,,,,
NL,CO,Rusin,Chris,REG,PIT,,,,,,,,
NL,CO,Senzatela,Antonio,REG,PIT,,,,,,,,
NL,LD,Barnes,Austin,REG,BAT,2,,4,4,,,,
NL,LD,Bellinger,Cody,REG,BAT,2,,,,,3,4,4
NL,LD,Culberson,Charlie,ADD,BAT,,4,3,,3,,,
NL,LD,Dickson,O'Koyea,COMP,BAT,,,,,,4,,
NL,LD,Eibner,Brett,COMP,BAT,,,,,,2,3,2
NL,LD,Ethier,Andre,ADD,BAT,,,,,,4,,
NL,LD,Farmer,Kyle,COMP,BAT,4,4,,4,,,,
NL,LD,Forsythe,Logan,REG,BAT,,4,2,3,,4,,
NL,LD,Gonzalez,Adrian,REG,BAT,,3,,,,,,
NL,LD,Grandal,Yasmani,REG,BAT,3,,,,,,,
NL,LD,Granderson,Curtis,REG,BAT,,,,,,3,4,4
NL,LD,Gutierrez,Franklin,ADD,BAT,,,,,,4,,
NL,LD,Hernandez,Enrique,REG,BAT,,4,3,4,4,3,4(B3),3
NL,LD,Locastro,Tim,COMP,BAT,,,,,,4,,
NL,LD,Pederson,Joc,REG,BAT,,,,,,3(B2),4(B3),
NL,LD,Puig,Yasiel,REG,BAT,,,,,,,,1
NL,LD,Seager,Corey,REG,BAT,,,,,2,,,
NL,LD,Segedin,Rob,COMP,BAT,,4,,4,,5,,
NL,LD,Taylor,Chris,REG,BAT,,,3(B4),4,3,2,3,
NL,LD,Thompson,Trayce,COMP,BAT,,,,,,2,3,2
NL,LD,Toles,Andrew,ADD,BAT,,,,,,2,3,
NL,LD,Turner,Justin,REG,BAT,,,,2,,,,
NL,LD,Utley,Chase,REG,BAT,,3,3,,,,,
NL,LD,Van Slyke,Scott,COMP,BAT,4,,,,,3,,
NL,LD,Verdugo,Alex,COMP,BAT,,,,,,3,4,3
NL,LD,Avilan,Luis,REG,PIT,,,,,,,,
NL,LD,Baez,Pedro,REG,PIT,,,,,,,,
NL,LD,Buehler,Walker,COMP,PIT,,,,,,,,
NL,LD,Castillo,Fabio,COMP,PIT,,,,,,,,
NL,LD,Cingrani,Tony,REG,PIT,,,,,,,,
NL,LD,Darvish-2,Yu,REG,PIT,,,,,,,,
NL,LD,Dayton,Grant,COMP,PIT,,,,,,,,
NL,LD,Fields,Josh,REG,PIT,,,,,,,,
NL,LD,Font,Wilmer,COMP,PIT,,,,,,,,
NL,LD,Hatcher-1,Chris,ADD,PIT,,,,,,,,
NL,LD,Hill,Rich,REG,PIT,,,,,,,,
NL,LD,Jansen,Kenley,REG,PIT,,,,,,,,
NL,LD,Kershaw,Clayton,REG,PIT,,,,,,,,
NL,LD,Liberatore,Adam,COMP,PIT,,,,,,,,
NL,LD,Maeda,Kenta,REG,PIT,,,,,,,,
NL,LD,McCarthy,Brandon,ADD,PIT,,,,,,,,
NL,LD,Morrow,Brandon,REG,PIT,,,,,,,,
NL,LD,Paredes-2,Edward,COMP,PIT,,,,,,,,
NL,LD,Ravin,Josh,COMP,PIT,,,,,,,,
NL,LD,Romo-1,Sergio,ADD,PIT,,,,,,,,
NL,LD,Ryu,Hyun-Jin,REG,PIT,,,,,,,,
NL,LD,Stewart,Brock,ADD,PIT,,,,,,,,
NL,LD,Stripling,Ross,REG,PIT,,,,,,,,
NL,LD,Urias,Julio,COMP,PIT,,,,,,,,
NL,LD,Watson,Tony,REG,PIT,,,,,,,,
NL,LD,Wood,Alex,REG,PIT,,,,,,,,
NL,MI,Anderson,Brian,REG,BAT,,,,3,,,,
NL,MI,Aviles,Mike,ADD,BAT,,4,4,3,4,,,4
NL,MI,Bour,Justin,REG,BAT,,5(B4),,,,,,
NL,MI,Colon,Christian,COMP,BAT,,,3,3,,,,
NL,MI,Dietrich,Derek,REG,BAT,,4,4,4,,4,,
NL,MI,Ellis,A.J.,REG,BAT,3,,,,,,,
NL,MI,Gordon,Dee,REG,BAT,,,1(B2),,4,,,
NL,MI,Hechavarria,Adeiny,ADD,BAT,,,,,1,,,
NL,MI,Lombardozzi,Steve,COMP,BAT,,,4,,,,,
NL,MI,Moore,Tyler,REG,BAT,,4(B3),,,,4,,4
NL,MI,Ozuna,Marcell,REG,BAT,,,,,,2,3,
NL,MI,Prado,Martin,ADD,BAT,,,,2,,,,
NL,MI,Realmuto,J.T.,REG,BAT,2,,,,,,,
NL,MI,Riddle,J.T.,REG,BAT,,,,,3,,,
NL,MI,Rojas,Miguel,REG,BAT,,3,3,3,3,,,
NL,MI,Stanton,Giancarlo,REG,BAT,,,,,,,,2
NL,MI,Suzuki,Ichiro,REG,BAT,,,,,,2,3,2
NL,MI,Telis,Tomas,REG,BAT,4,5,,,,,,
NL,MI,Yelich,Christian,REG,BAT,,,,,,,2,
NL,MI,Barraclough,Kyle,REG,PIT,,,,,,,,
NL,MI,Cervenka,Hunter,COMP,PIT,,,,,,,,
NL,MI,Chen,Wei-Yin,ADD,PIT,,,,,,,,
NL,MI,Conley,Adam,REG,PIT,,,,,,,,
NL,MI,Despaigne,Odrisamer,REG,PIT,,,,,,,,
NL,MI,Ellington,Brian,REG,PIT,,,,,,,,
NL,MI,Garcia,Jarlin,REG,PIT,,,,,,,,
NL,MI,Guerra-1,Javy,COMP,PIT,,,,,,,,
NL,MI,Koehler-1,Tom,ADD,PIT,,,,,,,,
NL,MI,Locke,Jeff,ADD,PIT,,,,,,,,
NL,MI,McGowan,Dustin,REG,PIT,,,,,,,,
NL,MI,Nicolino,Justin,REG,PIT,,,,,,,,
NL,MI,O'Grady,Chris,ADD,PIT,,,,,,,,
NL,MI,Peters,Dillon,ADD,PIT,,,,,,,,
NL,MI,Phelps-1,David,ADD,PIT,,,,,,,,
NL,MI,Steckenrider,Drew,ADD,PIT,,,,,,,,
NL,MI,Straily,Dan,REG,PIT,,,,,,,,
NL,MI,Tazawa,Junichi,REG,PIT,,,,,,,,
NL,MI,Urena,Jose,REG,PIT,,,,,,,,
NL,MI,Volquez,Edinson,REG,PIT,,,,,,,,
NL,MI,Wittgren,Nick,ADD,PIT,,,,,,,,
NL,MI,Worley,Vance,REG,PIT,,,,,,,,
NL,MI,Ziegler,Brad,REG,PIT,,,,,,,,
NL,ML,Aguilar,Jesus,REG,BAT,,3,,5,,,,
NL,ML,Arcia,Orlando,REG,BAT,,,,,1(B2),,,
NL,ML,Bandy,Jett,REG,BAT,3,,,,,,,
NL,ML,Berry,Quintin,COMP,BAT,,,,,,2,,
NL,ML,Braun,Ryan,REG,BAT,,,,,,3,,
NL,ML,Brinson,Lewis,COMP,BAT,,,,,,3,3,
NL,ML,Broxton,Keon,REG,BAT,,,,,,,2(B3),
NL,ML,Franklin,Nick,ADD,BAT,,,4,,4,3,,4
NL,ML,Nieuwenhuis,Kirk,COMP,BAT,,,,,,3,3,
NL,ML,Perez,Hernan,REG,BAT,,4,3,3,4,3,4,3
NL,ML,Phillips,Brett,REG,BAT,,,,,,2,3(B2),2
NL,ML,Pina,Manny,REG,BAT,3,,,,,,,
NL,ML,Rivera,Yadiel,COMP,BAT,,,,3,,,,
NL,ML,Santana,Domingo,REG,BAT,,,,,,,,4
NL,ML,Shaw,Travis,REG,BAT,,3,,3,,,,
NL,ML,Sogard,Eric,REG,BAT,,,2,3,3,5,,
NL,ML,Susac,Andrew,COMP,BAT,3,,,,,,,
NL,ML,Thames,Eric,REG,BAT,,4,,,,4,,4
NL,ML,Villar,Jonathan,REG,BAT,,,3(B4),,,,4,
NL,ML,Vogt,Stephen,REG,BAT,4,,,,,,,
NL,ML,Walker,Neil,REG,BAT,,4,4,4,,,,
NL,ML,Anderson,Chase,REG,PIT,,,,,,,,
NL,ML,Barnes,Jacob,REG,PIT,,,,,,,,
NL,ML,Blazek,Michael,COMP,PIT,,,,,,,,
NL,ML,Davies,Zach,REG,PIT,,,,,,,,
NL,ML,Drake-2,Oliver,REG,PIT,,,,,,,,
NL,ML,Espino-1,Paolo,COMP,PIT,,,,,,,,
NL,ML,Feliz-1,Neftali,ADD,PIT,,,,,,,,
NL,ML,Garza,Matt,REG,PIT,,,,,,,,
NL,ML,Goforth,David,COMP,PIT,,,,,,,,
NL,ML,Guerra-2,Junior,REG,PIT,,,,,,,,
NL,ML,Hader,Josh,REG,PIT,,,,,,,,
NL,ML,Hughes,Jared,REG,PIT,,,,,,,,
NL,ML,Jeffress-2,Jeremy,ADD,PIT,,,,,,,,
NL,ML,Jungmann,Taylor,COMP,PIT,,,,,,,,
NL,ML,Knebel,Corey,REG,PIT,,,,,,,,
NL,ML,Lopez,Jorge,COMP,PIT,,,,,,,,
NL,ML,Nelson,Jimmy,REG,PIT,,,,,,,,
NL,ML,Peralta-2,Wily,ADD,PIT,,,,,,,,
NL,ML,Perez,Hernan,COMP,PIT,,,,,,,,
NL,ML,Scahill,Rob,COMP,PIT,,,,,,,,
NL,ML,Suter,Brent,REG,PIT,,,,,,,,
NL,ML,Swarzak-2,Anthony,ADD,PIT,,,,,,,,
NL,ML,Torres,Carlos,REG,PIT,,,,,,,,
NL,ML,Wang,Wei-Chung,COMP,PIT,,,,,,,,
NL,ML,Webb-2,Tyler,COMP,PIT,,,,,,,,
NL,ML,Wilkerson,Aaron,COMP,PIT,,,,,,,,
NL,ML,Williams-2,Taylor,COMP,PIT,,,,,,,,
NL,ML,Woodruff,Brandon,ADD,PIT,,,,,,,,
NL,NM,Aoki,Nori,REG,BAT,,,,,,4(B3),4,4(B3)
NL,NM,Bruce,Jay,MIX,BAT,,4,,,,,,3
NL,NM,Cabrera,Asdrubal,REG,BAT,,,4(B3),4,4,,,
NL,NM,Cecchini,Gavin,ADD,BAT,,,4,,,,,
NL,NM,Cespedes,Yoenis,REG,BAT,,,,,,3,,
NL,NM,Conforto,Michael,REG,BAT,,,,,,3(B4),4,3(B4)
NL,NM,d'Arnaud,Travis,REG,BAT,4,,5,5,,,,
NL,NM,Duda,Lucas,MIX,BAT,,4(B3),,,,,,
NL,NM,Evans,Phillip,COMP,BAT,,,4,4,,,,
NL,NM,Flores,Wilmer,REG,BAT,,4,4,4,,,,
NL,NM,Lagares,Juan,REG,BAT,,,,,,,1,
NL,NM,Nido,Tomas,COMP,BAT,3,,,,,,,
NL,NM,Nimmo,Brandon,REG,BAT,,,,,,3,4(B3),3
NL,NM,Plawecki,Kevin,REG,BAT,3,4,,,,,,
NL,NM,Reyes,Jose,REG,BAT,,,4,4,4(B3),4,,
NL,NM,Reynolds,Matt,REG,BAT,,4,3,3,3,4,,5
NL,NM,Rivera,T.J.,REG,BAT,,4,4,4,,4,,
NL,NM,Rosario,Amed,REG,BAT,,,,,2,,,
NL,NM,Smith,Dominic,REG,BAT,,3,,,,,,
NL,NM,Taijeron,Travis,ADD,BAT,,,,,,,,4
NL,NM,Blevins,Jerry,REG,PIT,,,,,,,,
NL,NM,Bradford,Chase,ADD,PIT,,,,,,,,
NL,NM,Callahan,Jamie,COMP,PIT,,,,,,,,
NL,NM,deGrom,Jacob,REG,PIT,,,,,,,,
NL,NM,Edgin,Josh,REG,PIT,,,,,,,,
NL,NM,Familia,Jeurys,ADD,PIT,,,,,,,,
NL,NM,Flexen,Chris,ADD,PIT,,,,,,,,
NL,NM,Gilmartin,Sean,COMP,PIT,,,,,,,,
NL,NM,Goeddel,Erik,ADD,PIT,,,,,,,,
NL,NM,Gsellman,Robert,REG,PIT,,,,,,,,
NL,NM,Harvey,Matt,REG,PIT,,,,,,,,
NL,NM,Lugo,Seth,REG,PIT,,,,,,,,
NL,NM,Matz,Steven,REG,PIT,,,,,,,,
NL,NM,McGowan,Kevin,COMP,PIT,,,,,,,,
NL,NM,Milone,Tommy,ADD,PIT,,,,,,,,
NL,NM,Montero,Rafael,REG,PIT,,,,,,,,
NL,NM,Pill,Tyler,COMP,PIT,,,,,,,,
NL,NM,Plawecki,Kevin,COMP,PIT,,,,,,,,
NL,NM,Ramirez-1,Neil,ADD,PIT,,,,,,,,
NL,NM,Ramos,A.J.,REG,PIT,,,,,,,,
NL,NM,Reed-1,Addison,MIX,PIT,,,,,,,,
NL,NM,Rhame,Jacob,COMP,PIT,,,,,,,,
NL,NM,Robles,Hansel,REG,PIT,,,,,,,,
NL,NM,Salas-1,Fernando,ADD,PIT,,,,,,,,
NL,NM,Sewald,Paul,REG,PIT,,,,,,,,
NL,NM,Smoker,Josh,REG,PIT,,,,,,,,
NL,NM,Syndergaard,Noah,ADD,PIT,,,,,,,,
NL,NM,Wheeler,Zack,REG,PIT,,,,,,,,
NL,NM,Wilk-1,Adam,COMP,PIT,,,,,,,,
NL,PH,Alfaro,Jorge,REG,BAT,4(B3),4,,,,,,
NL,PH,Altherr,Aaron,REG,BAT,,,,,,2,2,2
NL,PH,Blanco,Andres,REG,BAT,,3,4,3,4,,,
NL,PH,Crawford,J.P.,ADD,BAT,,,4,3,3,,,
NL,PH,Florimon,Pedro,COMP,BAT,,,3,3,3,4,4,4
NL,PH,Franco,Maikel,REG,BAT,,3,,4,,,,
NL,PH,Galvis,Freddy,REG,BAT,,,,,1,,4,
NL,PH,Hernandez,Cesar,REG,BAT,,,2,,4,,,
NL,PH,Herrera,Odubel,REG,BAT,,,,,,,2,
NL,PH,Hoskins,Rhys,REG,BAT,,4,,,,4,,
NL,PH,Joseph,Tommy,REG,BAT,,5(B4),,,,,,
NL,PH,Kelly,Ty,REG,BAT,,,4,4,,4,,4
NL,PH,Kim,Hyun-Soo,ADD,BAT,,,,,,4,,4
NL,PH,Knapp,Andrew,REG,BAT,4,4,,,,,,
NL,PH,Nava,Daniel,REG,BAT,,4,,,,4(B3),,4(B3)
NL,PH,Perkins,Cam,ADD,BAT,,4,,,,3,4,4
NL,PH,Rupp,Cameron,REG,BAT,4,,,,,,,
NL,PH,Saunders,Michael,ADD,BAT,,,,,,,,4
NL,PH,Stassi,Brock,ADD,BAT,,3,,,,4,,
NL,PH,Williams,Nick,REG,BAT,,,,,,3,4(B3),4(B3)
NL,PH,Alvarez,Henderson,COMP,PIT,,,,,,,,
NL,PH,Anderson,Drew,COMP,PIT,,,,,,,,
NL,PH,Arano,Victor,COMP,PIT,,,,,,,,
NL,PH,Beato,Pedro,COMP,PIT,,,,,,,,
NL,PH,Buchholz,Clay,COMP,PIT,,,,,,,,
NL,PH,Curtis-2,Zac,COMP,PIT,,,,,,,,
NL,PH,Eflin,Zach,REG,PIT,,,,,,,,
NL,PH,Eickhoff,Jerad,REG,PIT,,,,,,,,
NL,PH,Fien-2,Casey,COMP,PIT,,,,,,,,
NL,PH,Garcia,Luis,REG,PIT,,,,,,,,
NL,PH,Gomez,Jeanmar,COMP,PIT,,,,,,,,
NL,PH,Hellickson-1,Jeremy,MIX,PIT,,,,,,,,
NL,PH,Leiter,Mark,REG,PIT,,,,,,,,
NL,PH,Lively,Ben,REG,PIT,,,,,,,,
NL,PH,Milner,Hoby,REG,PIT,,,,,,,,
NL,PH,Morgan,Adam,REG,PIT,,,,,,,,
NL,PH,Neris,Hector,REG,PIT,,,,,,,,
NL,PH,Nola,Aaron,REG,PIT,,,,,,,,
NL,PH,Pinto,Ricardo,ADD,PIT,,,,,,,,
NL,PH,Pivetta,Nick,REG,PIT,,,,,,,,
NL,PH,Ramos,Edubray,REG,PIT,,,,,,,,
NL,PH,Rios,Yacksel,COMP,PIT,,,,,,,,
NL,PH,Rodriguez,Joely,ADD,PIT,,,,,,,,
NL,PH,Siegrist,Kevin,ADD,PIT,,,,,,,,
NL,PH,Therrien,Jesen,COMP,PIT,,,,,,,,
NL,PH,Thompson,Jake,REG,PIT,,,,,,,,
NL,PH,Velasquez,Vince,REG,PIT,,,,,,,,
NL,PI,Bell,Josh,REG,BAT,,5(B4),,,,,,
NL,PI,Bormann,John,COMP,BAT,,,,,,,,
NL,PI,Bostick,Chris,COMP,BAT,,,4,,,4,,
NL,PI,Cervelli,Francisco,REG,BAT,4,,,,,,,
NL,PI,Diaz,Elias,REG,BAT,2,,,,,,,
NL,PI,Frazier,Adam,REG,BAT,,,4(B5),4,4,4(B3),4,4(B3)
NL,PI,Freese,David,REG,BAT,,3,,3,,,,
NL,PI,Gosselin,Phil,COMP,BAT,,4,3,4,,,,
NL,PI,Hanson,Alen,ADD,BAT,,,4,4,4,,,3
NL,PI,Harrison,Josh,REG,BAT,,,2,3,,4,,
NL,PI,Jaso,John,REG,BAT,,4,,,,5,,5
NL,PI,Luplow,Jordan,ADD,BAT,,,,,,3,,4
NL,PI,Marte,Starling,REG,BAT,,,,,,1,3(B2),
NL,PI,McCutchen,Andrew,REG,BAT,,,,,,,3,3
NL,PI,Mercer,Jordy,REG,BAT,,,,,3,,,
NL,PI,Moroff,Max,REG,BAT,,,3,3,3,,,
NL,PI,Ngoepe,Gift,ADD,BAT,,,2,3,3,,,
NL,PI,Ortiz,Danny,COMP,BAT,,,,,,3,4,3
NL,PI,Osuna,Jose,REG,BAT,,3,,,,5,,5
NL,PI,Polanco,Gregory,REG,BAT,,,,,,2,3,2
NL,PI,Rodriguez,Sean,REG,BAT,,2,3,3,3,3,4,3
NL,PI,Stallings,Jacob,COMP,BAT,3,,,,,,,
NL,PI,Stewart,Chris,REG,BAT,3,,,,,,,
NL,PI,Barbato,Johnny,ADD,PIT,,,,,,,,
NL,PI,Bastardo,Antonio,COMP,PIT,,,,,,,,
NL,PI,Benoit,Joaquin,REG,PIT,,,,,,,,
NL,PI,Brault,Steven,ADD,PIT,,,,,,,,
NL,PI,Cole,Gerrit,REG,PIT,,,,,,,,
NL,PI,Glasnow,Tyler,REG,PIT,,,,,,,,
NL,PI,Hudson,Daniel,REG,PIT,,,,,,,,
NL,PI,Kontos,George,REG,PIT,,,,,,,,
NL,PI,Kuhl,Chad,REG,PIT,,,,,,,,
NL,PI,Leathersich,Jack,COMP,PIT,,,,,,,,
NL,PI,LeBlanc,Wade,REG,PIT,,,,,,,,
NL,PI,Lindblom,Josh,COMP,PIT,,,,,,,,
NL,PI,Marinez-1,Jhan,ADD,PIT,,,,,,,,
NL,PI,Neverauskas,Dovydas,ADD,PIT,,,,,,,,
NL,PI,Nova,Ivan,REG,PIT,,,,,,,,
NL,PI,Rivero,Felipe,REG,PIT,,,,,,,,
NL,PI,Runzler,Dan,COMP,PIT,,,,,,,,
NL,PI,Sanchez-2,Angel,COMP,PIT,,,,,,,,
NL,PI,Santana-2,Edgar,COMP,PIT,,,,,,,,
NL,PI,Schugel,A.J.,REG,PIT,,,,,,,,
NL,PI,Taillon,Jameson,REG,PIT,,,,,,,,
NL,PI,Williams-1,Trevor,REG,PIT,,,,,,,,
NL,SC,Bader,Harrison,ADD,BAT,,,,,,3,2,3
NL,SC,Carpenter,Matt,REG,BAT,,4,4(B5),4,,,,
NL,SC,DeJong,Paul,REG,BAT,,,4,,3,,,
NL,SC,Diaz,Aledmys,REG,BAT,,,4,4,4,5,,
NL,SC,Fowler,Dexter,REG,BAT,,,,,,,4(B3),
NL,SC,Fryer,Eric,ADD,BAT,3,,,,,,,
NL,SC,Garcia,Greg,REG,BAT,,,3,4(B3),4,,,
NL,SC,Grichuk,Randal,REG,BAT,,,,,,3,4,3
NL,SC,Gyorko,Jedd,REG,BAT,,4,4,3,,5,,
NL,SC,Huffman,Chad,COMP,BAT,,,,,,,,5
NL,SC,Kelly,Carson,REG,BAT,3,,,,,,,
NL,SC,Martinez,Jose,REG,BAT,,4,,,,4,,4
NL,SC,Mejia,Alex,COMP,BAT,,4,3,3,3,,,
NL,SC,Molina,Yadier,REG,BAT,2,4,,,,,,
NL,SC,Peralta,Jhonny,ADD,BAT,,,,4,,,,
NL,SC,Pham,Tommy,REG,BAT,,,,,,2,3(B2),3(B2)
NL,SC,Piscotty,Stephen,REG,BAT,,,,,,,,3
NL,SC,Rosario,Alberto,COMP,BAT,,,,,,,,
NL,SC,Sierra,Magneuris,ADD,BAT,,,,,,4,3(B4),3(B4)
NL,SC,Valera,Breyvic,COMP,BAT,,,4,,,,,
NL,SC,Voit,Luke,REG,BAT,,4,,,,,,
NL,SC,Wong,Kolten,REG,BAT,,,2,,,,,
NL,SC,Alcantara,Sandy,COMP,PIT,,,,,,,,
NL,SC,Bowman,Matt,REG,PIT,,,,,,,,
NL,SC,Brebbia,John,REG,PIT,,,,,,,,
NL,SC,Broxton,Jonathan,COMP,PIT,,,,,,,,
NL,SC,Cecil,Brett,REG,PIT,,,,,,,,
NL,SC,Duke,Zach,COMP,PIT,,,,,,,,
NL,SC,Flaherty,Jack,COMP,PIT,,,,,,,,
NL,SC,Gant,John,COMP,PIT,,,,,,,,
NL,SC,Gonzales-1,Marco,COMP,PIT,,,,,,,,
NL,SC,Leake-1,Mike,MIX,PIT,,,,,,,,
NL,SC,Lucas,Josh,COMP,PIT,,,,,,,,
NL,SC,Lynn,Lance,REG,PIT,,,,,,,,
NL,SC,Lyons,Tyler,REG,PIT,,,,,,,,
NL,SC,Martinez,Carlos,REG,PIT,,,,,,,,
NL,SC,Mayers,Mike,COMP,PIT,,,,,,,,
NL,SC,Nicasio,Juan,REG,PIT,,,,,,,,
NL,SC,Oh,Seung Hwan,REG,PIT,,,,,,,,
NL,SC,Rosenthal,Trevor,REG,PIT,,,,,,,,
NL,SC,Sherriff,Ryan,COMP,PIT,,,,,,,,
NL,SC,Socolovich,Miguel,COMP,PIT,,,,,,,,
NL,SC,Tuivailala,Samuel,REG,PIT,,,,,,,,
NL,SC,Wacha,Michael,REG,PIT,,,,,,,,
NL,SC,Wainwright,Adam,REG,PIT,,,,,,,,
NL,SC,Weaver,Luke,REG,PIT,,,,,,,,
NL,SD,Asuaje,Carlos,REG,BAT,,,3(B2),,,,,
NL,SD,Aybar,Erick,REG,BAT,,,,,4(B3),,,
NL,SD,Bethancourt,Christian,COMP,BAT,,,5,,,,,
NL,SD,Blash,Jabari,REG,BAT,,,,,,4,,4
NL,SD,Coleman,Dusty,ADD,BAT,,,,,3,,,
NL,SD,Cordero,Franchy,ADD,BAT,,,,,,2,2,
NL,SD,Cordoba,Allen,REG,BAT,,,4,4,4,3,4,3
NL,SD,d'Arnaud,Chase,ADD,BAT,,5,4,4,4,4,,
NL,SD,Gale,Rocky,COMP,BAT,3,,,,,,,
NL,SD,Hedges,Austin,REG,BAT,2,,,,,,,
NL,SD,Jankowski,Travis,ADD,BAT,,,,,,2,2,2
NL,SD,Margot,Manuel,REG,BAT,,,,,,,2,
NL,SD,Myers,Wil,REG,BAT,,3,,,,,,
NL,SD,Pirela,Jose,REG,BAT,,4,4,4,,3,,4
NL,SD,Renfroe,Hunter,REG,BAT,,,,,,,,3(B4)
NL,SD,Sanchez,Hector,REG,BAT,4,5,,,,,,
NL,SD,Sardinas,Luis,COMP,BAT,,,2,3,3,,,
NL,SD,Schimpf,Ryan,REG,BAT,,,,4,,,,
NL,SD,Solarte,Yangervis,REG,BAT,,4,4(B3),4,4,,,
NL,SD,Spangenberg,Cory,REG,BAT,,,4,4,,4,,
NL,SD,Szczur,Matt,REG,BAT,,,,,,2,3,2
NL,SD,Torrens,Luis,REG,BAT,4,,,,,,,
NL,SD,Villanueva,Christian,COMP,BAT,,,,4,,,,
NL,SD,Baumann,Buddy,COMP,PIT,,,,,,,,
NL,SD,Bethancourt,Christian,COMP,PIT,,,,,,,,
NL,SD,Buchter-1,Ryan,ADD,PIT,,,,,,,,
NL,SD,Cahill-1,Trevor,ADD,PIT,,,,,,,,
NL,SD,Capps,Carter,COMP,PIT,,,,,,,,
NL,SD,Chacin,Jhoulys,REG,PIT,,,,,,,,
NL,SD,Cosart,Jarred,COMP,PIT,,,,,,,,
NL,SD,Diaz,Miguel,REG,PIT,,,,,,,,
NL,SD,Esch,Jake,COMP,PIT,,,,,,,,
NL,SD,Hand,Brad,REG,PIT,,,,,,,,
NL,SD,Lamet,Dinelson,REG,PIT,,,,,,,,
NL,SD,Lee,Zach,COMP,PIT,,,,,,,,
NL,SD,Lloyd,Kyle,COMP,PIT,,,,,,,,
NL,SD,Lyles,Jordan,REG,PIT,,,,,,,,
NL,SD,Maton,Phil,REG,PIT,,,,,,,,
NL,SD,Maurer-1,Brandon,MIX,PIT,,,,,,,,
NL,SD,Mazzoni,Cory,COMP,PIT,,,,,,,,
NL,SD,McGrath,Kyle,COMP,PIT,,,,,,,,
NL,SD,Melville-2,Tim,COMP,PIT,,,,,,,,
NL,SD,Overton-2,Dillon,COMP,PIT,,,,,,,,
NL,SD,Perdomo,Luis,REG,PIT,,,,,,,,
NL,SD,Quackenbush,Kevin,ADD,PIT,,,,,,,,
NL,SD,Richard,Clayton,REG,PIT,,,,,,,,
NL,SD,Ruiz,Jose,COMP,PIT,,,,,,,,
NL,SD,Stammen,Craig,REG,PIT,,,,,,,,
NL,SD,Torres,Jose,REG,PIT,,,,,,,,
NL,SD,Valdez-2,Jose,COMP,PIT,,,,,,,,
NL,SD,Weaver,Jered,ADD,PIT,,,,,,,,
NL,SD,Wood-2,Travis,REG,PIT,,,,,,,,
NL,SD,Yates-2,Kirby,REG,PIT,,,,,,,,
NL,SF,Arroyo,Christian,ADD,BAT,,,4,3,4,,,
NL,SF,Belt,Brandon,REG,BAT,,2,,,,4,,
NL,SF,Calixte,Orlando,COMP,BAT,,,,3,4,3,4,4
NL,SF,Crawford,Brandon,REG,BAT,,,,,1,,,
NL,SF,Federowicz,Tim,COMP,BAT,3,4,,,,,,
NL,SF,Gillaspie,Conor,ADD,BAT,,4,,4,,,,
NL,SF,Gomez,Miguel,COMP,BAT,,,4,,,,,
NL,SF,Hernandez,Gorkys,REG,BAT,,,,,,2,3,2
NL,SF,Hill,Aaron,ADD,BAT,,,4,4,,5,,
NL,SF,Hundley,Nick,REG,BAT,3,,,,,,,
NL,SF,Hwang,Jae-Gyun,ADD,BAT,,4,,4,,,,
NL,SF,Jones,Ryder,REG,BAT,,3,,3,,4,,
NL,SF,Marrero,Chris,COMP,BAT,,,,,,4,,
NL,SF,Moncrief,Carlos,COMP,BAT,,,,,,,,4(B3)
NL,SF,Morse,Michael,COMP,BAT,,,,,,4,,
NL,SF,Nunez,Eduardo,MIX,BAT,,,,3,4,4,,4
NL,SF,Panik,Joe,REG,BAT,,,2,,,,,
NL,SF,Parker,Jarrett,REG,BAT,,,,,,2,,3
NL,SF,Pence,Hunter,REG,BAT,,,,,,,,4(B3)
NL,SF,Posey,Buster,REG,BAT,1,2,,,,,,
NL,SF,Ruggiano,Justin,ADD,BAT,,,,,,4,4,4
NL,SF,Sandoval,Pablo,REG,BAT,,4,,4,,,,
NL,SF,Slater,Austin,REG,BAT,,,,5,,3,4,4
NL,SF,Span,Denard,REG,BAT,,,,,,,4,
NL,SF,Stubbs,Drew,COMP,BAT,,,,,,,2,
NL,SF,Tomlinson,Kelby,REG,BAT,,,3,3,4,4,,
NL,SF,Williamson,Mac,ADD,BAT,,,,,,4,,4
NL,SF,Blach,Ty,REG,PIT,,,,,,,,
NL,SF,Bumgarner,Madison,REG,PIT,,,,,,,,
NL,SF,Cain,Matt,REG,PIT,,,,,,,,
NL,SF,Crick,Kyle,ADD,PIT,,,,,,,,
NL,SF,Cueto,Johnny,REG,PIT,,,,,,,,
NL,SF,Dyson-2,Sam,REG,PIT,,,,,,,,
NL,SF,Gearrin,Cory,REG,PIT,,,,,,,,
NL,SF,Gomez,Roberto,COMP,PIT,,,,,,,,
NL,SF,Law,Derek,REG,PIT,,,,,,,,
NL,SF,Melancon,Mark,REG,PIT,,,,,,,,
NL,SF,Moore,Matt,REG,PIT,,,,,,,,
NL,SF,Moronta,Reyes,COMP,PIT,,,,,,,,
NL,SF,Morris,Bryan,COMP,PIT,,,,,,,,
NL,SF,Okert,Steven,REG,PIT,,,,,,,,
NL,SF,Osich,Josh,REG,PIT,,,,,,,,
NL,SF,Samardzija,Jeff,REG,PIT,,,,,,,,
NL,SF,Slania,Dan,COMP,PIT,,,,,,,,
NL,SF,Stratton,Chris,REG,PIT,,,,,,,,
NL,SF,Strickland,Hunter,REG,PIT,,,,,,,,
NL,SF,Suarez,Albert,ADD,PIT,,,,,,,,
NL,WN,Bautista,Rafael,COMP,BAT,,,,,,,,2
NL,WN,De Aza,Alejandro,ADD,BAT,,,,,,3,3,3
NL,WN,Difo,Wilmer,REG,BAT,,,3,3,3,5,4,5
NL,WN,Drew,Stephen,ADD,BAT,,,3,4,4,,,
NL,WN,Eaton,Adam,ADD,BAT,,,,,,2,3,2
NL,WN,Goodwin,Brian,REG,BAT,,,,,,3,3,3
NL,WN,Green,Grant,COMP,BAT,,,3,,,,,
NL,WN,Harper,Bryce,REG,BAT,,,,,,,,2
NL,WN,Heisey,Chris,ADD,BAT,,,,,,3,,3
NL,WN,Kendrick,Howie,REG,BAT,,3,4,,,4(B3),,4
NL,WN,Lind,Adam,REG,BAT,,4,,,,5,,
NL,WN,Lobaton,Jose,REG,BAT,3,,,,,,,
NL,WN,Murphy,Daniel,REG,BAT,,,4(B3),,,,,
NL,WN,Raburn,Ryan,ADD,BAT,,,,,,4,,
NL,WN,Read,Raudy,COMP,BAT,4,,,,,,,
NL,WN,Rendon,Anthony,REG,BAT,,,,1,,,,
NL,WN,Robles,Victor,ADD,BAT,,,,,,,2,2
NL,WN,Sanchez,Adrian,ADD,BAT,,,4,3,4,,,
NL,WN,Severino,Pedro,COMP,BAT,2,,,,,,,
NL,WN,Stevenson,Andrew,ADD,BAT,,,,,,2,2,2
NL,WN,Taylor,Michael,REG,BAT,,,,,,,2,2
NL,WN,Turner,Trea,REG,BAT,,,,,3,,,
NL,WN,Werth,Jayson,REG,BAT,,,,,,4,,4
NL,WN,Wieters,Matt,REG,BAT,4,,,,,,,
NL,WN,Zimmerman,Ryan,REG,BAT,,3,,,,,,
NL,WN,Adams,Austin,COMP,PIT,,,,,,,,
NL,WN,Albers,Matt,REG,PIT,,,,,,,,
NL,WN,Blanton,Joe,REG,PIT,,,,,,,,
NL,WN,Cole,A.J.,REG,PIT,,,,,,,,
NL,WN,Doolittle-2,Sean,REG,PIT,,,,,,,,
NL,WN,Fedde,Erick,COMP,PIT,,,,,,,,
NL,WN,Glover,Koda,COMP,PIT,,,,,,,,
NL,WN,Gonzalez,Gio,REG,PIT,,,,,,,,
NL,WN,Gott,Trevor,COMP,PIT,,,,,,,,
NL,WN,Grace,Matt,REG,PIT,,,,,,,,
NL,WN,Guthrie,Jeremy,COMP,PIT,,,,,,,,
NL,WN,Jackson-2,Edwin,REG,PIT,,,,,,,,
NL,WN,Kelley,Shawn,ADD,PIT,,,,,,,,
NL,WN,Kintzler-2,Brandon,REG,PIT,,,,,,,,
NL,WN,Madson-2,Ryan,ADD,PIT,,,,,,,,
NL,WN,Perez,Oliver,REG,PIT,,,,,,,,
NL,WN,Roark,Tanner,REG,PIT,,,,,,,,
NL,WN,Romero,Enny,REG,PIT,,,,,,,,
NL,WN,Ross,Joe,REG,PIT,,,,,,,,
NL,WN,Scherzer,Max,REG,PIT,,,,,,,,
NL,WN,Solis,Sammy,ADD,PIT,,,,,,,,
NL,WN,Strasburg,Stephen,REG,PIT,,,,,,,,
NL,WN,Treinen-1,Blake,ADD,PIT,,,,,,,,
NL,WN,Turner,Jacob,ADD,PIT,,,,,,,,
